project,method,minutes,metric,denominator,baseline,covered,delta
openhands,coverup_general,0.0,ldh_lines,5445,2990,2990,0
openhands,coverup_general,0.0,ldh_branches,2606,1392,1392,0
openhands,coverup_general,0.0,project_lines,32479,21647,21647,0
openhands,coverup_general,0.0,project_branches,8940,4464,4464,0
openhands,coverup_general,15.0,ldh_lines,5445,2990,2990,0
openhands,coverup_general,15.0,ldh_branches,2606,1392,1392,0
openhands,coverup_general,15.0,project_lines,32479,21647,21647,0
openhands,coverup_general,15.0,project_branches,8940,4464,4464,0
openhands,coverup_general,30.0,ldh_lines,5445,2990,3098,108
openhands,coverup_general,30.0,ldh_branches,2606,1392,1437,45
openhands,coverup_general,30.0,project_lines,32479,21647,21944,297
openhands,coverup_general,30.0,project_branches,8940,4464,4582,118
openhands,coverup_general,45.0,ldh_lines,5445,2990,3202,212
openhands,coverup_general,45.0,ldh_branches,2606,1392,1482,90
openhands,coverup_general,45.0,project_lines,32479,21647,22140,493
openhands,coverup_general,45.0,project_branches,8940,4464,4665,201
openhands,coverup_general,60.0,ldh_lines,5445,2990,3208,218
openhands,coverup_general,60.0,ldh_branches,2606,1392,1489,97
openhands,coverup_general,60.0,project_lines,32479,21647,22404,757
openhands,coverup_general,60.0,project_branches,8940,4464,4781,317
openhands,coverup_general,75.0,ldh_lines,5445,2990,3208,218
openhands,coverup_general,75.0,ldh_branches,2606,1392,1489,97
openhands,coverup_general,75.0,project_lines,32479,21647,22436,789
openhands,coverup_general,75.0,project_branches,8940,4464,4792,328
openhands,coverup_general,90.0,ldh_lines,5445,2990,3225,235
openhands,coverup_general,90.0,ldh_branches,2606,1392,1493,101
openhands,coverup_general,90.0,project_lines,32479,21647,22612,965
openhands,coverup_general,90.0,project_branches,8940,4464,4838,374
openhands,coverup_general,105.0,ldh_lines,5445,2990,3258,268
openhands,coverup_general,105.0,ldh_branches,2606,1392,1497,105
openhands,coverup_general,105.0,project_lines,32479,21647,22787,1140
openhands,coverup_general,105.0,project_branches,8940,4464,4894,430
openhands,coverup_general,120.0,ldh_lines,5445,2990,3258,268
openhands,coverup_general,120.0,ldh_branches,2606,1392,1497,105
openhands,coverup_general,120.0,project_lines,32479,21647,22818,1171
openhands,coverup_general,120.0,project_branches,8940,4464,4921,457
openhands,coverup_scoped,0.0,ldh_lines,5445,2990,2990,0
openhands,coverup_scoped,0.0,ldh_branches,2606,1392,1392,0
openhands,coverup_scoped,0.0,project_lines,32479,21647,21647,0
openhands,coverup_scoped,0.0,project_branches,8940,4464,4464,0
openhands,coverup_scoped,15.0,ldh_lines,5445,2990,2990,0
openhands,coverup_scoped,15.0,ldh_branches,2606,1392,1392,0
openhands,coverup_scoped,15.0,project_lines,32479,21647,21647,0
openhands,coverup_scoped,15.0,project_branches,8940,4464,4464,0
openhands,coverup_scoped,30.0,ldh_lines,5445,2990,3037,47
openhands,coverup_scoped,30.0,ldh_branches,2606,1392,1416,24
openhands,coverup_scoped,30.0,project_lines,32479,21647,21794,147
openhands,coverup_scoped,30.0,project_branches,8940,4464,4515,51
openhands,coverup_scoped,45.0,ldh_lines,5445,2990,3114,124
openhands,coverup_scoped,45.0,ldh_branches,2606,1392,1451,59
openhands,coverup_scoped,45.0,project_lines,32479,21647,22013,366
openhands,coverup_scoped,45.0,project_branches,8940,4464,4607,143
openhands,coverup_scoped,60.0,ldh_lines,5445,2990,3165,175
openhands,coverup_scoped,60.0,ldh_branches,2606,1392,1477,85
openhands,coverup_scoped,60.0,project_lines,32479,21647,22107,460
openhands,coverup_scoped,60.0,project_branches,8940,4464,4645,181
openhands,coverup_scoped,75.0,ldh_lines,5445,2990,3165,175
openhands,coverup_scoped,75.0,ldh_branches,2606,1392,1477,85
openhands,coverup_scoped,75.0,project_lines,32479,21647,22297,650
openhands,coverup_scoped,75.0,project_branches,8940,4464,4700,236
openhands,coverup_scoped,90.0,ldh_lines,5445,2990,3233,243
openhands,coverup_scoped,90.0,ldh_branches,2606,1392,1500,108
openhands,coverup_scoped,90.0,project_lines,32479,21647,22484,837
openhands,coverup_scoped,90.0,project_branches,8940,4464,4768,304
openhands,coverup_scoped,105.0,ldh_lines,5445,2990,3264,274
openhands,coverup_scoped,105.0,ldh_branches,2606,1392,1518,126
openhands,coverup_scoped,105.0,project_lines,32479,21647,22634,987
openhands,coverup_scoped,105.0,project_branches,8940,4464,4828,364
openhands,coverup_scoped,120.0,ldh_lines,5445,2990,3336,346
openhands,coverup_scoped,120.0,ldh_branches,2606,1392,1559,167
openhands,coverup_scoped,120.0,project_lines,32479,21647,22754,1107
openhands,coverup_scoped,120.0,project_branches,8940,4464,4888,424
openhands,ours,0.0,ldh_lines,5445,2990,2990,0
openhands,ours,0.0,ldh_branches,2606,1392,1392,0
openhands,ours,0.0,project_lines,32479,21647,21647,0
openhands,ours,0.0,project_branches,8940,4464,4464,0
openhands,ours,15.0,ldh_lines,5445,2990,3101,111
openhands,ours,15.0,ldh_branches,2606,1392,1450,58
openhands,ours,15.0,project_lines,32479,21647,21846,199
openhands,ours,15.0,project_branches,8940,4464,4546,82
openhands,ours,30.0,ldh_lines,5445,2990,3189,199
openhands,ours,30.0,ldh_branches,2606,1392,1490,98
openhands,ours,30.0,project_lines,32479,21647,22079,432
openhands,ours,30.0,project_branches,8940,4464,4633,169
openhands,ours,45.0,ldh_lines,5445,2990,3231,241
openhands,ours,45.0,ldh_branches,2606,1392,1516,124
openhands,ours,45.0,project_lines,32479,21647,22283,636
openhands,ours,45.0,project_branches,8940,4464,4724,260
openhands,ours,60.0,ldh_lines,5445,2990,3296,306
openhands,ours,60.0,ldh_branches,2606,1392,1544,152
openhands,ours,60.0,project_lines,32479,21647,22551,904
openhands,ours,60.0,project_branches,8940,4464,4821,357
openhands,ours,75.0,ldh_lines,5445,2990,3321,331
openhands,ours,75.0,ldh_branches,2606,1392,1561,169
openhands,ours,75.0,project_lines,32479,21647,22688,1041
openhands,ours,75.0,project_branches,8940,4464,4876,412
openhands,ours,90.0,ldh_lines,5445,2990,3397,407
openhands,ours,90.0,ldh_branches,2606,1392,1598,206
openhands,ours,90.0,project_lines,32479,21647,22877,1230
openhands,ours,90.0,project_branches,8940,4464,4965,501
openhands,ours,105.0,ldh_lines,5445,2990,3466,476
openhands,ours,105.0,ldh_branches,2606,1392,1638,246
openhands,ours,105.0,project_lines,32479,21647,23074,1427
openhands,ours,105.0,project_branches,8940,4464,5061,597
openhands,ours,120.0,ldh_lines,5445,2990,3517,527
openhands,ours,120.0,ldh_branches,2606,1392,1653,261
openhands,ours,120.0,project_lines,32479,21647,23233,1586
openhands,ours,120.0,project_branches,8940,4464,5112,648
openhands,testtailor_general,0.0,ldh_lines,5445,2990,2990,0
openhands,testtailor_general,0.0,ldh_branches,2606,1392,1392,0
openhands,testtailor_general,0.0,project_lines,32479,21647,21647,0
openhands,testtailor_general,0.0,project_branches,8940,4464,4464,0
openhands,testtailor_general,15.0,ldh_lines,5445,2990,3001,11
openhands,testtailor_general,15.0,ldh_branches,2606,1392,1396,4
openhands,testtailor_general,15.0,project_lines,32479,21647,21788,141
openhands,testtailor_general,15.0,project_branches,8940,4464,4507,43
openhands,testtailor_general,30.0,ldh_lines,5445,2990,3001,11
openhands,testtailor_general,30.0,ldh_branches,2606,1392,1396,4
openhands,testtailor_general,30.0,project_lines,32479,21647,21884,237
openhands,testtailor_general,30.0,project_branches,8940,4464,4528,64
openhands,testtailor_general,45.0,ldh_lines,5445,2990,3017,27
openhands,testtailor_general,45.0,ldh_branches,2606,1392,1401,9
openhands,testtailor_general,45.0,project_lines,32479,21647,21977,330
openhands,testtailor_general,45.0,project_branches,8940,4464,4548,84
openhands,testtailor_general,60.0,ldh_lines,5445,2990,3052,62
openhands,testtailor_general,60.0,ldh_branches,2606,1392,1419,27
openhands,testtailor_general,60.0,project_lines,32479,21647,22079,432
openhands,testtailor_general,60.0,project_branches,8940,4464,4598,134
openhands,testtailor_general,75.0,ldh_lines,5445,2990,3060,70
openhands,testtailor_general,75.0,ldh_branches,2606,1392,1423,31
openhands,testtailor_general,75.0,project_lines,32479,21647,22200,553
openhands,testtailor_general,75.0,project_branches,8940,4464,4637,173
openhands,testtailor_general,90.0,ldh_lines,5445,2990,3065,75
openhands,testtailor_general,90.0,ldh_branches,2606,1392,1423,31
openhands,testtailor_general,90.0,project_lines,32479,21647,22323,676
openhands,testtailor_general,90.0,project_branches,8940,4464,4669,205
openhands,testtailor_general,105.0,ldh_lines,5445,2990,3081,91
openhands,testtailor_general,105.0,ldh_branches,2606,1392,1437,45
openhands,testtailor_general,105.0,project_lines,32479,21647,22431,784
openhands,testtailor_general,105.0,project_branches,8940,4464,4705,241
openhands,testtailor_general,120.0,ldh_lines,5445,2990,3091,101
openhands,testtailor_general,120.0,ldh_branches,2606,1392,1443,51
openhands,testtailor_general,120.0,project_lines,32479,21647,22465,818
openhands,testtailor_general,120.0,project_branches,8940,4464,4723,259
openhands,testtailor_scoped,0.0,ldh_lines,5445,2990,2990,0
openhands,testtailor_scoped,0.0,ldh_branches,2606,1392,1392,0
openhands,testtailor_scoped,0.0,project_lines,32479,21647,21647,0
openhands,testtailor_scoped,0.0,project_branches,8940,4464,4464,0
openhands,testtailor_scoped,15.0,ldh_lines,5445,2990,3025,35
openhands,testtailor_scoped,15.0,ldh_branches,2606,1392,1404,12
openhands,testtailor_scoped,15.0,project_lines,32479,21647,21768,121
openhands,testtailor_scoped,15.0,project_branches,8940,4464,4494,30
openhands,testtailor_scoped,30.0,ldh_lines,5445,2990,3068,78
openhands,testtailor_scoped,30.0,ldh_branches,2606,1392,1427,35
openhands,testtailor_scoped,30.0,project_lines,32479,21647,21897,250
openhands,testtailor_scoped,30.0,project_branches,8940,4464,4546,82
openhands,testtailor_scoped,45.0,ldh_lines,5445,2990,3095,105
openhands,testtailor_scoped,45.0,ldh_branches,2606,1392,1444,52
openhands,testtailor_scoped,45.0,project_lines,32479,21647,21970,323
openhands,testtailor_scoped,45.0,project_branches,8940,4464,4592,128
openhands,testtailor_scoped,60.0,ldh_lines,5445,2990,3109,119
openhands,testtailor_scoped,60.0,ldh_branches,2606,1392,1451,59
openhands,testtailor_scoped,60.0,project_lines,32479,21647,22029,382
openhands,testtailor_scoped,60.0,project_branches,8940,4464,4616,152
openhands,testtailor_scoped,75.0,ldh_lines,5445,2990,3127,137
openhands,testtailor_scoped,75.0,ldh_branches,2606,1392,1463,71
openhands,testtailor_scoped,75.0,project_lines,32479,21647,22082,435
openhands,testtailor_scoped,75.0,project_branches,8940,4464,4638,174
openhands,testtailor_scoped,90.0,ldh_lines,5445,2990,3153,163
openhands,testtailor_scoped,90.0,ldh_branches,2606,1392,1475,83
openhands,testtailor_scoped,90.0,project_lines,32479,21647,22188,541
openhands,testtailor_scoped,90.0,project_branches,8940,4464,4671,207
openhands,testtailor_scoped,105.0,ldh_lines,5445,2990,3163,173
openhands,testtailor_scoped,105.0,ldh_branches,2606,1392,1482,90
openhands,testtailor_scoped,105.0,project_lines,32479,21647,22252,605
openhands,testtailor_scoped,105.0,project_branches,8940,4464,4700,236
openhands,testtailor_scoped,120.0,ldh_lines,5445,2990,3196,206
openhands,testtailor_scoped,120.0,ldh_branches,2606,1392,1494,102
openhands,testtailor_scoped,120.0,project_lines,32479,21647,22298,651
openhands,testtailor_scoped,120.0,project_branches,8940,4464,4722,258
openhands,strict_agnostic,0,ldh_lines,5445,2990,2990,0
openhands,strict_agnostic,0,ldh_branches,2606,1392,1392,0
openhands,strict_agnostic,0,project_lines,32479,21647,21647,0
openhands,strict_agnostic,0,project_branches,8940,4464,4464,0
openhands,strict_agnostic,15,ldh_lines,5445,2990,3041,51
openhands,strict_agnostic,15,ldh_branches,2606,1392,1416,24
openhands,strict_agnostic,15,project_lines,32479,21647,21719,72
openhands,strict_agnostic,15,project_branches,8940,4464,4491,27
openhands,strict_agnostic,30,ldh_lines,5445,2990,3088,98
openhands,strict_agnostic,30,ldh_branches,2606,1392,1436,44
openhands,strict_agnostic,30,project_lines,32479,21647,21805,158
openhands,strict_agnostic,30,project_branches,8940,4464,4527,63
openhands,strict_agnostic,45,ldh_lines,5445,2990,3120,130
openhands,strict_agnostic,45,ldh_branches,2606,1392,1449,57
openhands,strict_agnostic,45,project_lines,32479,21647,21886,239
openhands,strict_agnostic,45,project_branches,8940,4464,4556,92
openhands,strict_agnostic,60,ldh_lines,5445,2990,3121,131
openhands,strict_agnostic,60,ldh_branches,2606,1392,1449,57
openhands,strict_agnostic,60,project_lines,32479,21647,21959,312
openhands,strict_agnostic,60,project_branches,8940,4464,4579,115
openhands,strict_agnostic,75,ldh_lines,5445,2990,3123,133
openhands,strict_agnostic,75,ldh_branches,2606,1392,1449,57
openhands,strict_agnostic,75,project_lines,32479,21647,22057,410
openhands,strict_agnostic,75,project_branches,8940,4464,4611,147
openhands,strict_agnostic,90,ldh_lines,5445,2990,3174,184
openhands,strict_agnostic,90,ldh_branches,2606,1392,1471,79
openhands,strict_agnostic,90,project_lines,32479,21647,22248,601
openhands,strict_agnostic,90,project_branches,8940,4464,4681,217
openhands,strict_agnostic,105,ldh_lines,5445,2990,3183,193
openhands,strict_agnostic,105,ldh_branches,2606,1392,1474,82
openhands,strict_agnostic,105,project_lines,32479,21647,22384,737
openhands,strict_agnostic,105,project_branches,8940,4464,4726,262
openhands,strict_agnostic,120,ldh_lines,5445,2990,3185,195
openhands,strict_agnostic,120,ldh_branches,2606,1392,1476,84
openhands,strict_agnostic,120,project_lines,32479,21647,22427,780
openhands,strict_agnostic,120,project_branches,8940,4464,4745,281
aider,coverup_general,0.0,ldh_lines,4624,2491,2491,0
aider,coverup_general,0.0,ldh_branches,2334,1142,1142,0
aider,coverup_general,0.0,project_lines,10877,6379,6379,0
aider,coverup_general,0.0,project_branches,4054,1995,1995,0
aider,coverup_general,15.0,ldh_lines,4624,2491,2491,0
aider,coverup_general,15.0,ldh_branches,2334,1142,1142,0
aider,coverup_general,15.0,project_lines,10877,6379,6465,86
aider,coverup_general,15.0,project_branches,4054,1995,2009,14
aider,coverup_general,30.0,ldh_lines,4624,2491,2698,207
aider,coverup_general,30.0,ldh_branches,2334,1142,1264,122
aider,coverup_general,30.0,project_lines,10877,6379,6856,477
aider,coverup_general,30.0,project_branches,4054,1995,2189,194
aider,coverup_general,45.0,ldh_lines,4624,2491,2823,332
aider,coverup_general,45.0,ldh_branches,2334,1142,1307,165
aider,coverup_general,45.0,project_lines,10877,6379,7190,811
aider,coverup_general,45.0,project_branches,4054,1995,2319,324
aider,coverup_general,60.0,ldh_lines,4624,2491,2993,502
aider,coverup_general,60.0,ldh_branches,2334,1142,1395,253
aider,coverup_general,60.0,project_lines,10877,6379,7512,1133
aider,coverup_general,60.0,project_branches,4054,1995,2465,470
aider,coverup_general,75.0,ldh_lines,4624,2491,3127,636
aider,coverup_general,75.0,ldh_branches,2334,1142,1470,328
aider,coverup_general,75.0,project_lines,10877,6379,7839,1460
aider,coverup_general,75.0,project_branches,4054,1995,2570,575
aider,coverup_general,90.0,ldh_lines,4624,2491,3207,716
aider,coverup_general,90.0,ldh_branches,2334,1142,1493,351
aider,coverup_general,90.0,project_lines,10877,6379,7987,1608
aider,coverup_general,90.0,project_branches,4054,1995,2611,616
aider,coverup_general,105.0,ldh_lines,4624,2491,3301,810
aider,coverup_general,105.0,ldh_branches,2334,1142,1541,399
aider,coverup_general,105.0,project_lines,10877,6379,8168,1789
aider,coverup_general,105.0,project_branches,4054,1995,2694,699
aider,coverup_general,120.0,ldh_lines,4624,2491,3351,860
aider,coverup_general,120.0,ldh_branches,2334,1142,1569,427
aider,coverup_general,120.0,project_lines,10877,6379,8283,1904
aider,coverup_general,120.0,project_branches,4054,1995,2750,755
aider,coverup_scoped,0.0,ldh_lines,4624,2491,2491,0
aider,coverup_scoped,0.0,ldh_branches,2334,1142,1142,0
aider,coverup_scoped,0.0,project_lines,10877,6379,6379,0
aider,coverup_scoped,0.0,project_branches,4054,1995,1995,0
aider,coverup_scoped,15.0,ldh_lines,4624,2491,2533,42
aider,coverup_scoped,15.0,ldh_branches,2334,1142,1169,27
aider,coverup_scoped,15.0,project_lines,10877,6379,6437,58
aider,coverup_scoped,15.0,project_branches,4054,1995,2024,29
aider,coverup_scoped,30.0,ldh_lines,4624,2491,2623,132
aider,coverup_scoped,30.0,ldh_branches,2334,1142,1213,71
aider,coverup_scoped,30.0,project_lines,10877,6379,6630,251
aider,coverup_scoped,30.0,project_branches,4054,1995,2096,101
aider,coverup_scoped,45.0,ldh_lines,4624,2491,2782,291
aider,coverup_scoped,45.0,ldh_branches,2334,1142,1289,147
aider,coverup_scoped,45.0,project_lines,10877,6379,6886,507
aider,coverup_scoped,45.0,project_branches,4054,1995,2186,191
aider,coverup_scoped,60.0,ldh_lines,4624,2491,2949,458
aider,coverup_scoped,60.0,ldh_branches,2334,1142,1383,241
aider,coverup_scoped,60.0,project_lines,10877,6379,7154,775
aider,coverup_scoped,60.0,project_branches,4054,1995,2314,319
aider,coverup_scoped,75.0,ldh_lines,4624,2491,3034,543
aider,coverup_scoped,75.0,ldh_branches,2334,1142,1427,285
aider,coverup_scoped,75.0,project_lines,10877,6379,7318,939
aider,coverup_scoped,75.0,project_branches,4054,1995,2377,382
aider,coverup_scoped,90.0,ldh_lines,4624,2491,3100,609
aider,coverup_scoped,90.0,ldh_branches,2334,1142,1451,309
aider,coverup_scoped,90.0,project_lines,10877,6379,7455,1076
aider,coverup_scoped,90.0,project_branches,4054,1995,2428,433
aider,coverup_scoped,105.0,ldh_lines,4624,2491,3138,647
aider,coverup_scoped,105.0,ldh_branches,2334,1142,1475,333
aider,coverup_scoped,105.0,project_lines,10877,6379,7552,1173
aider,coverup_scoped,105.0,project_branches,4054,1995,2485,490
aider,coverup_scoped,120.0,ldh_lines,4624,2491,3211,720
aider,coverup_scoped,120.0,ldh_branches,2334,1142,1514,372
aider,coverup_scoped,120.0,project_lines,10877,6379,7693,1314
aider,coverup_scoped,120.0,project_branches,4054,1995,2544,549
aider,ours,0.0,ldh_lines,4624,2491,2491,0
aider,ours,0.0,ldh_branches,2334,1142,1142,0
aider,ours,0.0,project_lines,10877,6379,6379,0
aider,ours,0.0,project_branches,4054,1995,1995,0
aider,ours,15.0,ldh_lines,4624,2491,2810,319
aider,ours,15.0,ldh_branches,2334,1142,1303,161
aider,ours,15.0,project_lines,10877,6379,6818,439
aider,ours,15.0,project_branches,4054,1995,2194,199
aider,ours,30.0,ldh_lines,4624,2491,3070,579
aider,ours,30.0,ldh_branches,2334,1142,1429,287
aider,ours,30.0,project_lines,10877,6379,7382,1003
aider,ours,30.0,project_branches,4054,1995,2396,401
aider,ours,45.0,ldh_lines,4624,2491,3322,831
aider,ours,45.0,ldh_branches,2334,1142,1553,411
aider,ours,45.0,project_lines,10877,6379,7726,1347
aider,ours,45.0,project_branches,4054,1995,2547,552
aider,ours,60.0,ldh_lines,4624,2491,3502,1011
aider,ours,60.0,ldh_branches,2334,1142,1663,521
aider,ours,60.0,project_lines,10877,6379,8037,1658
aider,ours,60.0,project_branches,4054,1995,2710,715
aider,ours,75.0,ldh_lines,4624,2491,3640,1149
aider,ours,75.0,ldh_branches,2334,1142,1752,610
aider,ours,75.0,project_lines,10877,6379,8350,1971
aider,ours,75.0,project_branches,4054,1995,2838,843
aider,ours,90.0,ldh_lines,4624,2491,3774,1283
aider,ours,90.0,ldh_branches,2334,1142,1809,667
aider,ours,90.0,project_lines,10877,6379,8619,2240
aider,ours,90.0,project_branches,4054,1995,2944,949
aider,ours,105.0,ldh_lines,4624,2491,3892,1401
aider,ours,105.0,ldh_branches,2334,1142,1880,738
aider,ours,105.0,project_lines,10877,6379,8860,2481
aider,ours,105.0,project_branches,4054,1995,3068,1073
aider,ours,120.0,ldh_lines,4624,2491,4002,1511
aider,ours,120.0,ldh_branches,2334,1142,1924,782
aider,ours,120.0,project_lines,10877,6379,9087,2708
aider,ours,120.0,project_branches,4054,1995,3153,1158
aider,testtailor_general,0.0,ldh_lines,4624,2491,2491,0
aider,testtailor_general,0.0,ldh_branches,2334,1142,1142,0
aider,testtailor_general,0.0,project_lines,10877,6379,6379,0
aider,testtailor_general,0.0,project_branches,4054,1995,1995,0
aider,testtailor_general,15.0,ldh_lines,4624,2491,2543,52
aider,testtailor_general,15.0,ldh_branches,2334,1142,1170,28
aider,testtailor_general,15.0,project_lines,10877,6379,6588,209
aider,testtailor_general,15.0,project_branches,4054,1995,2066,71
aider,testtailor_general,30.0,ldh_lines,4624,2491,2587,96
aider,testtailor_general,30.0,ldh_branches,2334,1142,1195,53
aider,testtailor_general,30.0,project_lines,10877,6379,6767,388
aider,testtailor_general,30.0,project_branches,4054,1995,2110,115
aider,testtailor_general,45.0,ldh_lines,4624,2491,2618,127
aider,testtailor_general,45.0,ldh_branches,2334,1142,1213,71
aider,testtailor_general,45.0,project_lines,10877,6379,6887,508
aider,testtailor_general,45.0,project_branches,4054,1995,2169,174
aider,testtailor_general,60.0,ldh_lines,4624,2491,2651,160
aider,testtailor_general,60.0,ldh_branches,2334,1142,1229,87
aider,testtailor_general,60.0,project_lines,10877,6379,7034,655
aider,testtailor_general,60.0,project_branches,4054,1995,2224,229
aider,testtailor_general,75.0,ldh_lines,4624,2491,2765,274
aider,testtailor_general,75.0,ldh_branches,2334,1142,1279,137
aider,testtailor_general,75.0,project_lines,10877,6379,7267,888
aider,testtailor_general,75.0,project_branches,4054,1995,2320,325
aider,testtailor_general,90.0,ldh_lines,4624,2491,2780,289
aider,testtailor_general,90.0,ldh_branches,2334,1142,1286,144
aider,testtailor_general,90.0,project_lines,10877,6379,7316,937
aider,testtailor_general,90.0,project_branches,4054,1995,2341,346
aider,testtailor_general,105.0,ldh_lines,4624,2491,2798,307
aider,testtailor_general,105.0,ldh_branches,2334,1142,1296,154
aider,testtailor_general,105.0,project_lines,10877,6379,7412,1033
aider,testtailor_general,105.0,project_branches,4054,1995,2376,381
aider,testtailor_general,120.0,ldh_lines,4624,2491,2840,349
aider,testtailor_general,120.0,ldh_branches,2334,1142,1319,177
aider,testtailor_general,120.0,project_lines,10877,6379,7528,1149
aider,testtailor_general,120.0,project_branches,4054,1995,2423,428
aider,testtailor_scoped,0.0,ldh_lines,4624,2491,2491,0
aider,testtailor_scoped,0.0,ldh_branches,2334,1142,1142,0
aider,testtailor_scoped,0.0,project_lines,10877,6379,6379,0
aider,testtailor_scoped,0.0,project_branches,4054,1995,1995,0
aider,testtailor_scoped,15.0,ldh_lines,4624,2491,2557,66
aider,testtailor_scoped,15.0,ldh_branches,2334,1142,1171,29
aider,testtailor_scoped,15.0,project_lines,10877,6379,6633,254
aider,testtailor_scoped,15.0,project_branches,4054,1995,2053,58
aider,testtailor_scoped,30.0,ldh_lines,4624,2491,2600,109
aider,testtailor_scoped,30.0,ldh_branches,2334,1142,1198,56
aider,testtailor_scoped,30.0,project_lines,10877,6379,6762,383
aider,testtailor_scoped,30.0,project_branches,4054,1995,2101,106
aider,testtailor_scoped,45.0,ldh_lines,4624,2491,2638,147
aider,testtailor_scoped,45.0,ldh_branches,2334,1142,1220,78
aider,testtailor_scoped,45.0,project_lines,10877,6379,6853,474
aider,testtailor_scoped,45.0,project_branches,4054,1995,2140,145
aider,testtailor_scoped,60.0,ldh_lines,4624,2491,2742,251
aider,testtailor_scoped,60.0,ldh_branches,2334,1142,1267,125
aider,testtailor_scoped,60.0,project_lines,10877,6379,7044,665
aider,testtailor_scoped,60.0,project_branches,4054,1995,2227,232
aider,testtailor_scoped,75.0,ldh_lines,4624,2491,2782,291
aider,testtailor_scoped,75.0,ldh_branches,2334,1142,1291,149
aider,testtailor_scoped,75.0,project_lines,10877,6379,7160,781
aider,testtailor_scoped,75.0,project_branches,4054,1995,2273,278
aider,testtailor_scoped,90.0,ldh_lines,4624,2491,2848,357
aider,testtailor_scoped,90.0,ldh_branches,2334,1142,1324,182
aider,testtailor_scoped,90.0,project_lines,10877,6379,7278,899
aider,testtailor_scoped,90.0,project_branches,4054,1995,2326,331
aider,testtailor_scoped,105.0,ldh_lines,4624,2491,2971,480
aider,testtailor_scoped,105.0,ldh_branches,2334,1142,1390,248
aider,testtailor_scoped,105.0,project_lines,10877,6379,7445,1066
aider,testtailor_scoped,105.0,project_branches,4054,1995,2406,411
aider,testtailor_scoped,120.0,ldh_lines,4624,2491,3035,544
aider,testtailor_scoped,120.0,ldh_branches,2334,1142,1433,291
aider,testtailor_scoped,120.0,project_lines,10877,6379,7571,1192
aider,testtailor_scoped,120.0,project_branches,4054,1995,2470,475
aider,strict_agnostic,0,ldh_lines,4624,2491,2491,0
aider,strict_agnostic,0,ldh_branches,2334,1142,1142,0
aider,strict_agnostic,0,project_lines,10877,6379,6379,0
aider,strict_agnostic,0,project_branches,4054,1995,1995,0
aider,strict_agnostic,15,ldh_lines,4624,2491,2580,89
aider,strict_agnostic,15,ldh_branches,2334,1142,1191,49
aider,strict_agnostic,15,project_lines,10877,6379,6477,98
aider,strict_agnostic,15,project_branches,4054,1995,2045,50
aider,strict_agnostic,30,ldh_lines,4624,2491,2671,180
aider,strict_agnostic,30,ldh_branches,2334,1142,1242,100
aider,strict_agnostic,30,project_lines,10877,6379,6585,206
aider,strict_agnostic,30,project_branches,4054,1995,2100,105
aider,strict_agnostic,45,ldh_lines,4624,2491,2767,276
aider,strict_agnostic,45,ldh_branches,2334,1142,1278,136
aider,strict_agnostic,45,project_lines,10877,6379,6819,440
aider,strict_agnostic,45,project_branches,4054,1995,2179,184
aider,strict_agnostic,60,ldh_lines,4624,2491,2767,276
aider,strict_agnostic,60,ldh_branches,2334,1142,1278,136
aider,strict_agnostic,60,project_lines,10877,6379,6819,440
aider,strict_agnostic,60,project_branches,4054,1995,2179,184
aider,strict_agnostic,75,ldh_lines,4624,2491,2851,360
aider,strict_agnostic,75,ldh_branches,2334,1142,1320,178
aider,strict_agnostic,75,project_lines,10877,6379,6972,593
aider,strict_agnostic,75,project_branches,4054,1995,2234,239
aider,strict_agnostic,90,ldh_lines,4624,2491,2954,463
aider,strict_agnostic,90,ldh_branches,2334,1142,1383,241
aider,strict_agnostic,90,project_lines,10877,6379,7110,731
aider,strict_agnostic,90,project_branches,4054,1995,2310,315
aider,strict_agnostic,105,ldh_lines,4624,2491,3003,512
aider,strict_agnostic,105,ldh_branches,2334,1142,1402,260
aider,strict_agnostic,105,project_lines,10877,6379,7287,908
aider,strict_agnostic,105,project_branches,4054,1995,2354,359
aider,strict_agnostic,120,ldh_lines,4624,2491,3026,535
aider,strict_agnostic,120,ldh_branches,2334,1142,1413,271
aider,strict_agnostic,120,project_lines,10877,6379,7339,960
aider,strict_agnostic,120,project_branches,4054,1995,2373,378
swe-agent,coverup_general,0.0,ldh_lines,520,233,233,0
swe-agent,coverup_general,0.0,ldh_branches,188,83,83,0
swe-agent,coverup_general,0.0,project_lines,5922,3465,3465,0
swe-agent,coverup_general,0.0,project_branches,1488,608,608,0
swe-agent,coverup_general,15.0,ldh_lines,520,233,233,0
swe-agent,coverup_general,15.0,ldh_branches,188,83,83,0
swe-agent,coverup_general,15.0,project_lines,5922,3465,3465,0
swe-agent,coverup_general,15.0,project_branches,1488,608,608,0
swe-agent,coverup_general,30.0,ldh_lines,520,233,264,31
swe-agent,coverup_general,30.0,ldh_branches,188,83,92,9
swe-agent,coverup_general,30.0,project_lines,5922,3465,3779,314
swe-agent,coverup_general,30.0,project_branches,1488,608,679,71
swe-agent,coverup_general,45.0,ldh_lines,520,233,297,64
swe-agent,coverup_general,45.0,ldh_branches,188,83,99,16
swe-agent,coverup_general,45.0,project_lines,5922,3465,4040,575
swe-agent,coverup_general,45.0,project_branches,1488,608,735,127
swe-agent,coverup_general,60.0,ldh_lines,520,233,339,106
swe-agent,coverup_general,60.0,ldh_branches,188,83,121,38
swe-agent,coverup_general,60.0,project_lines,5922,3465,4245,780
swe-agent,coverup_general,60.0,project_branches,1488,608,833,225
swe-agent,coverup_general,75.0,ldh_lines,520,233,339,106
swe-agent,coverup_general,75.0,ldh_branches,188,83,121,38
swe-agent,coverup_general,75.0,project_lines,5922,3465,4367,902
swe-agent,coverup_general,75.0,project_branches,1488,608,868,260
swe-agent,coverup_general,90.0,ldh_lines,520,233,353,120
swe-agent,coverup_general,90.0,ldh_branches,188,83,126,43
swe-agent,coverup_general,90.0,project_lines,5922,3465,4451,986
swe-agent,coverup_general,90.0,project_branches,1488,608,893,285
swe-agent,coverup_general,105.0,ldh_lines,520,233,367,134
swe-agent,coverup_general,105.0,ldh_branches,188,83,132,49
swe-agent,coverup_general,105.0,project_lines,5922,3465,4538,1073
swe-agent,coverup_general,105.0,project_branches,1488,608,920,312
swe-agent,coverup_general,120.0,ldh_lines,520,233,372,139
swe-agent,coverup_general,120.0,ldh_branches,188,83,134,51
swe-agent,coverup_general,120.0,project_lines,5922,3465,4590,1125
swe-agent,coverup_general,120.0,project_branches,1488,608,935,327
swe-agent,coverup_scoped,0.0,ldh_lines,520,233,233,0
swe-agent,coverup_scoped,0.0,ldh_branches,188,83,83,0
swe-agent,coverup_scoped,0.0,project_lines,5922,3465,3465,0
swe-agent,coverup_scoped,0.0,project_branches,1488,608,608,0
swe-agent,coverup_scoped,15.0,ldh_lines,520,233,233,0
swe-agent,coverup_scoped,15.0,ldh_branches,188,83,83,0
swe-agent,coverup_scoped,15.0,project_lines,5922,3465,3465,0
swe-agent,coverup_scoped,15.0,project_branches,1488,608,608,0
swe-agent,coverup_scoped,30.0,ldh_lines,520,233,281,48
swe-agent,coverup_scoped,30.0,ldh_branches,188,83,92,9
swe-agent,coverup_scoped,30.0,project_lines,5922,3465,3621,156
swe-agent,coverup_scoped,30.0,project_branches,1488,608,655,47
swe-agent,coverup_scoped,45.0,ldh_lines,520,233,314,81
swe-agent,coverup_scoped,45.0,ldh_branches,188,83,108,25
swe-agent,coverup_scoped,45.0,project_lines,5922,3465,3771,306
swe-agent,coverup_scoped,45.0,project_branches,1488,608,706,98
swe-agent,coverup_scoped,60.0,ldh_lines,520,233,345,112
swe-agent,coverup_scoped,60.0,ldh_branches,188,83,121,38
swe-agent,coverup_scoped,60.0,project_lines,5922,3465,3869,404
swe-agent,coverup_scoped,60.0,project_branches,1488,608,745,137
swe-agent,coverup_scoped,75.0,ldh_lines,520,233,358,125
swe-agent,coverup_scoped,75.0,ldh_branches,188,83,126,43
swe-agent,coverup_scoped,75.0,project_lines,5922,3465,3924,459
swe-agent,coverup_scoped,75.0,project_branches,1488,608,768,160
swe-agent,coverup_scoped,90.0,ldh_lines,520,233,362,129
swe-agent,coverup_scoped,90.0,ldh_branches,188,83,129,46
swe-agent,coverup_scoped,90.0,project_lines,5922,3465,3953,488
swe-agent,coverup_scoped,90.0,project_branches,1488,608,776,168
swe-agent,coverup_scoped,105.0,ldh_lines,520,233,368,135
swe-agent,coverup_scoped,105.0,ldh_branches,188,83,132,49
swe-agent,coverup_scoped,105.0,project_lines,5922,3465,3978,513
swe-agent,coverup_scoped,105.0,project_branches,1488,608,786,178
swe-agent,coverup_scoped,120.0,ldh_lines,520,233,371,138
swe-agent,coverup_scoped,120.0,ldh_branches,188,83,132,49
swe-agent,coverup_scoped,120.0,project_lines,5922,3465,4005,540
swe-agent,coverup_scoped,120.0,project_branches,1488,608,787,179
swe-agent,ours,0.0,ldh_lines,520,233,233,0
swe-agent,ours,0.0,ldh_branches,188,83,83,0
swe-agent,ours,0.0,project_lines,5922,3465,3465,0
swe-agent,ours,0.0,project_branches,1488,608,608,0
swe-agent,ours,15.0,ldh_lines,520,233,286,53
swe-agent,ours,15.0,ldh_branches,188,83,96,13
swe-agent,ours,15.0,project_lines,5922,3465,3733,268
swe-agent,ours,15.0,project_branches,1488,608,716,108
swe-agent,ours,30.0,ldh_lines,520,233,342,109
swe-agent,ours,30.0,ldh_branches,188,83,126,43
swe-agent,ours,30.0,project_lines,5922,3465,3912,447
swe-agent,ours,30.0,project_branches,1488,608,784,176
swe-agent,ours,45.0,ldh_lines,520,233,411,178
swe-agent,ours,45.0,ldh_branches,188,83,153,70
swe-agent,ours,45.0,project_lines,5922,3465,4106,641
swe-agent,ours,45.0,project_branches,1488,608,858,250
swe-agent,ours,60.0,ldh_lines,520,233,444,211
swe-agent,ours,60.0,ldh_branches,188,83,165,82
swe-agent,ours,60.0,project_lines,5922,3465,4234,769
swe-agent,ours,60.0,project_branches,1488,608,910,302
swe-agent,ours,75.0,ldh_lines,520,233,463,230
swe-agent,ours,75.0,ldh_branches,188,83,172,89
swe-agent,ours,75.0,project_lines,5922,3465,4300,835
swe-agent,ours,75.0,project_branches,1488,608,928,320
swe-agent,ours,90.0,ldh_lines,520,233,468,235
swe-agent,ours,90.0,ldh_branches,188,83,174,91
swe-agent,ours,90.0,project_lines,5922,3465,4337,872
swe-agent,ours,90.0,project_branches,1488,608,949,341
swe-agent,ours,105.0,ldh_lines,520,233,474,241
swe-agent,ours,105.0,ldh_branches,188,83,174,91
swe-agent,ours,105.0,project_lines,5922,3465,4358,893
swe-agent,ours,105.0,project_branches,1488,608,951,343
swe-agent,ours,120.0,ldh_lines,520,233,474,241
swe-agent,ours,120.0,ldh_branches,188,83,174,91
swe-agent,ours,120.0,project_lines,5922,3465,4358,893
swe-agent,ours,120.0,project_branches,1488,608,951,343
swe-agent,testtailor_general,0.0,ldh_lines,520,233,233,0
swe-agent,testtailor_general,0.0,ldh_branches,188,83,83,0
swe-agent,testtailor_general,0.0,project_lines,5922,3465,3465,0
swe-agent,testtailor_general,0.0,project_branches,1488,608,608,0
swe-agent,testtailor_general,15.0,ldh_lines,520,233,249,16
swe-agent,testtailor_general,15.0,ldh_branches,188,83,89,6
swe-agent,testtailor_general,15.0,project_lines,5922,3465,3834,369
swe-agent,testtailor_general,15.0,project_branches,1488,608,671,63
swe-agent,testtailor_general,30.0,ldh_lines,520,233,261,28
swe-agent,testtailor_general,30.0,ldh_branches,188,83,98,15
swe-agent,testtailor_general,30.0,project_lines,5922,3465,3945,480
swe-agent,testtailor_general,30.0,project_branches,1488,608,725,117
swe-agent,testtailor_general,45.0,ldh_lines,520,233,263,30
swe-agent,testtailor_general,45.0,ldh_branches,188,83,99,16
swe-agent,testtailor_general,45.0,project_lines,5922,3465,4041,576
swe-agent,testtailor_general,45.0,project_branches,1488,608,762,154
swe-agent,testtailor_general,60.0,ldh_lines,520,233,264,31
swe-agent,testtailor_general,60.0,ldh_branches,188,83,100,17
swe-agent,testtailor_general,60.0,project_lines,5922,3465,4088,623
swe-agent,testtailor_general,60.0,project_branches,1488,608,789,181
swe-agent,testtailor_general,75.0,ldh_lines,520,233,280,47
swe-agent,testtailor_general,75.0,ldh_branches,188,83,104,21
swe-agent,testtailor_general,75.0,project_lines,5922,3465,4202,737
swe-agent,testtailor_general,75.0,project_branches,1488,608,828,220
swe-agent,testtailor_general,90.0,ldh_lines,520,233,282,49
swe-agent,testtailor_general,90.0,ldh_branches,188,83,105,22
swe-agent,testtailor_general,90.0,project_lines,5922,3465,4326,861
swe-agent,testtailor_general,90.0,project_branches,1488,608,877,269
swe-agent,testtailor_general,105.0,ldh_lines,520,233,286,53
swe-agent,testtailor_general,105.0,ldh_branches,188,83,107,24
swe-agent,testtailor_general,105.0,project_lines,5922,3465,4384,919
swe-agent,testtailor_general,105.0,project_branches,1488,608,901,293
swe-agent,testtailor_general,120.0,ldh_lines,520,233,289,56
swe-agent,testtailor_general,120.0,ldh_branches,188,83,109,26
swe-agent,testtailor_general,120.0,project_lines,5922,3465,4500,1035
swe-agent,testtailor_general,120.0,project_branches,1488,608,935,327
swe-agent,testtailor_scoped,0.0,ldh_lines,520,233,233,0
swe-agent,testtailor_scoped,0.0,ldh_branches,188,83,83,0
swe-agent,testtailor_scoped,0.0,project_lines,5922,3465,3465,0
swe-agent,testtailor_scoped,0.0,project_branches,1488,608,608,0
swe-agent,testtailor_scoped,15.0,ldh_lines,520,233,258,25
swe-agent,testtailor_scoped,15.0,ldh_branches,188,83,98,15
swe-agent,testtailor_scoped,15.0,project_lines,5922,3465,3594,129
swe-agent,testtailor_scoped,15.0,project_branches,1488,608,639,31
swe-agent,testtailor_scoped,30.0,ldh_lines,520,233,274,41
swe-agent,testtailor_scoped,30.0,ldh_branches,188,83,105,22
swe-agent,testtailor_scoped,30.0,project_lines,5922,3465,3641,176
swe-agent,testtailor_scoped,30.0,project_branches,1488,608,659,51
swe-agent,testtailor_scoped,45.0,ldh_lines,520,233,286,53
swe-agent,testtailor_scoped,45.0,ldh_branches,188,83,108,25
swe-agent,testtailor_scoped,45.0,project_lines,5922,3465,3693,228
swe-agent,testtailor_scoped,45.0,project_branches,1488,608,676,68
swe-agent,testtailor_scoped,60.0,ldh_lines,520,233,291,58
swe-agent,testtailor_scoped,60.0,ldh_branches,188,83,111,28
swe-agent,testtailor_scoped,60.0,project_lines,5922,3465,3759,294
swe-agent,testtailor_scoped,60.0,project_branches,1488,608,699,91
swe-agent,testtailor_scoped,75.0,ldh_lines,520,233,291,58
swe-agent,testtailor_scoped,75.0,ldh_branches,188,83,111,28
swe-agent,testtailor_scoped,75.0,project_lines,5922,3465,3818,353
swe-agent,testtailor_scoped,75.0,project_branches,1488,608,727,119
swe-agent,testtailor_scoped,90.0,ldh_lines,520,233,291,58
swe-agent,testtailor_scoped,90.0,ldh_branches,188,83,111,28
swe-agent,testtailor_scoped,90.0,project_lines,5922,3465,3844,379
swe-agent,testtailor_scoped,90.0,project_branches,1488,608,739,131
swe-agent,testtailor_scoped,105.0,ldh_lines,520,233,305,72
swe-agent,testtailor_scoped,105.0,ldh_branches,188,83,117,34
swe-agent,testtailor_scoped,105.0,project_lines,5922,3465,3883,418
swe-agent,testtailor_scoped,105.0,project_branches,1488,608,753,145
swe-agent,testtailor_scoped,120.0,ldh_lines,520,233,315,82
swe-agent,testtailor_scoped,120.0,ldh_branches,188,83,120,37
swe-agent,testtailor_scoped,120.0,project_lines,5922,3465,3912,447
swe-agent,testtailor_scoped,120.0,project_branches,1488,608,764,156
swe-agent,strict_agnostic,0,ldh_lines,520,233,233,0
swe-agent,strict_agnostic,0,ldh_branches,188,83,83,0
swe-agent,strict_agnostic,0,project_lines,5922,3465,3465,0
swe-agent,strict_agnostic,0,project_branches,1488,608,608,0
swe-agent,strict_agnostic,15,ldh_lines,520,233,233,0
swe-agent,strict_agnostic,15,ldh_branches,188,83,83,0
swe-agent,strict_agnostic,15,project_lines,5922,3465,3465,0
swe-agent,strict_agnostic,15,project_branches,1488,608,608,0
swe-agent,strict_agnostic,30,ldh_lines,520,233,235,2
swe-agent,strict_agnostic,30,ldh_branches,188,83,83,0
swe-agent,strict_agnostic,30,project_lines,5922,3465,3491,26
swe-agent,strict_agnostic,30,project_branches,1488,608,617,9
swe-agent,strict_agnostic,45,ldh_lines,520,233,242,9
swe-agent,strict_agnostic,45,ldh_branches,188,83,85,2
swe-agent,strict_agnostic,45,project_lines,5922,3465,3552,87
swe-agent,strict_agnostic,45,project_branches,1488,608,649,41
swe-agent,strict_agnostic,60,ldh_lines,520,233,285,52
swe-agent,strict_agnostic,60,ldh_branches,188,83,97,14
swe-agent,strict_agnostic,60,project_lines,5922,3465,3694,229
swe-agent,strict_agnostic,60,project_branches,1488,608,704,96
swe-agent,strict_agnostic,75,ldh_lines,520,233,308,75
swe-agent,strict_agnostic,75,ldh_branches,188,83,107,24
swe-agent,strict_agnostic,75,project_lines,5922,3465,3797,332
swe-agent,strict_agnostic,75,project_branches,1488,608,737,129
swe-agent,strict_agnostic,90,ldh_lines,520,233,371,138
swe-agent,strict_agnostic,90,ldh_branches,188,83,132,49
swe-agent,strict_agnostic,90,project_lines,5922,3465,3942,477
swe-agent,strict_agnostic,90,project_branches,1488,608,790,182
swe-agent,strict_agnostic,105,ldh_lines,520,233,395,162
swe-agent,strict_agnostic,105,ldh_branches,188,83,143,60
swe-agent,strict_agnostic,105,project_lines,5922,3465,4040,575
swe-agent,strict_agnostic,105,project_branches,1488,608,839,231
swe-agent,strict_agnostic,120,ldh_lines,520,233,429,196
swe-agent,strict_agnostic,120,ldh_branches,188,83,155,72
swe-agent,strict_agnostic,120,project_lines,5922,3465,4107,642
swe-agent,strict_agnostic,120,project_branches,1488,608,868,260
pr-agent,coverup_general,0.0,ldh_lines,4821,1306,1306,0
pr-agent,coverup_general,0.0,ldh_branches,2298,592,592,0
pr-agent,coverup_general,0.0,project_lines,12781,4841,4841,0
pr-agent,coverup_general,0.0,project_branches,4394,1212,1212,0
pr-agent,coverup_general,15.0,ldh_lines,4821,1306,1528,222
pr-agent,coverup_general,15.0,ldh_branches,2298,592,680,88
pr-agent,coverup_general,15.0,project_lines,12781,4841,5315,474
pr-agent,coverup_general,15.0,project_branches,4394,1212,1362,150
pr-agent,coverup_general,30.0,ldh_lines,4821,1306,1560,254
pr-agent,coverup_general,30.0,ldh_branches,2298,592,688,96
pr-agent,coverup_general,30.0,project_lines,12781,4841,5421,580
pr-agent,coverup_general,30.0,project_branches,4394,1212,1413,201
pr-agent,coverup_general,45.0,ldh_lines,4821,1306,1726,420
pr-agent,coverup_general,45.0,ldh_branches,2298,592,771,179
pr-agent,coverup_general,45.0,project_lines,12781,4841,5681,840
pr-agent,coverup_general,45.0,project_branches,4394,1212,1527,315
pr-agent,coverup_general,60.0,ldh_lines,4821,1306,1827,521
pr-agent,coverup_general,60.0,ldh_branches,2298,592,839,247
pr-agent,coverup_general,60.0,project_lines,12781,4841,5912,1071
pr-agent,coverup_general,60.0,project_branches,4394,1212,1643,431
pr-agent,coverup_general,75.0,ldh_lines,4821,1306,1911,605
pr-agent,coverup_general,75.0,ldh_branches,2298,592,885,293
pr-agent,coverup_general,75.0,project_lines,12781,4841,6161,1320
pr-agent,coverup_general,75.0,project_branches,4394,1212,1735,523
pr-agent,coverup_general,90.0,ldh_lines,4821,1306,1947,641
pr-agent,coverup_general,90.0,ldh_branches,2298,592,900,308
pr-agent,coverup_general,90.0,project_lines,12781,4841,6267,1426
pr-agent,coverup_general,90.0,project_branches,4394,1212,1772,560
pr-agent,coverup_general,105.0,ldh_lines,4821,1306,2008,702
pr-agent,coverup_general,105.0,ldh_branches,2298,592,925,333
pr-agent,coverup_general,105.0,project_lines,12781,4841,6384,1543
pr-agent,coverup_general,105.0,project_branches,4394,1212,1812,600
pr-agent,coverup_general,120.0,ldh_lines,4821,1306,2142,836
pr-agent,coverup_general,120.0,ldh_branches,2298,592,986,394
pr-agent,coverup_general,120.0,project_lines,12781,4841,6608,1767
pr-agent,coverup_general,120.0,project_branches,4394,1212,1898,686
pr-agent,coverup_scoped,0.0,ldh_lines,4821,1306,1306,0
pr-agent,coverup_scoped,0.0,ldh_branches,2298,592,592,0
pr-agent,coverup_scoped,0.0,project_lines,12781,4841,4841,0
pr-agent,coverup_scoped,0.0,project_branches,4394,1212,1212,0
pr-agent,coverup_scoped,15.0,ldh_lines,4821,1306,1425,119
pr-agent,coverup_scoped,15.0,ldh_branches,2298,592,647,55
pr-agent,coverup_scoped,15.0,project_lines,12781,4841,5013,172
pr-agent,coverup_scoped,15.0,project_branches,4394,1212,1279,67
pr-agent,coverup_scoped,30.0,ldh_lines,4821,1306,1604,298
pr-agent,coverup_scoped,30.0,ldh_branches,2298,592,728,136
pr-agent,coverup_scoped,30.0,project_lines,12781,4841,5208,367
pr-agent,coverup_scoped,30.0,project_branches,4394,1212,1363,151
pr-agent,coverup_scoped,45.0,ldh_lines,4821,1306,1713,407
pr-agent,coverup_scoped,45.0,ldh_branches,2298,592,771,179
pr-agent,coverup_scoped,45.0,project_lines,12781,4841,5402,561
pr-agent,coverup_scoped,45.0,project_branches,4394,1212,1422,210
pr-agent,coverup_scoped,60.0,ldh_lines,4821,1306,1844,538
pr-agent,coverup_scoped,60.0,ldh_branches,2298,592,831,239
pr-agent,coverup_scoped,60.0,project_lines,12781,4841,5643,802
pr-agent,coverup_scoped,60.0,project_branches,4394,1212,1529,317
pr-agent,coverup_scoped,75.0,ldh_lines,4821,1306,1936,630
pr-agent,coverup_scoped,75.0,ldh_branches,2298,592,880,288
pr-agent,coverup_scoped,75.0,project_lines,12781,4841,5924,1083
pr-agent,coverup_scoped,75.0,project_branches,4394,1212,1630,418
pr-agent,coverup_scoped,90.0,ldh_lines,4821,1306,2002,696
pr-agent,coverup_scoped,90.0,ldh_branches,2298,592,910,318
pr-agent,coverup_scoped,90.0,project_lines,12781,4841,6005,1164
pr-agent,coverup_scoped,90.0,project_branches,4394,1212,1664,452
pr-agent,coverup_scoped,105.0,ldh_lines,4821,1306,2069,763
pr-agent,coverup_scoped,105.0,ldh_branches,2298,592,950,358
pr-agent,coverup_scoped,105.0,project_lines,12781,4841,6106,1265
pr-agent,coverup_scoped,105.0,project_branches,4394,1212,1713,501
pr-agent,coverup_scoped,120.0,ldh_lines,4821,1306,2176,870
pr-agent,coverup_scoped,120.0,ldh_branches,2298,592,1004,412
pr-agent,coverup_scoped,120.0,project_lines,12781,4841,6261,1420
pr-agent,coverup_scoped,120.0,project_branches,4394,1212,1783,571
pr-agent,ours,0.0,ldh_lines,4821,1306,1306,0
pr-agent,ours,0.0,ldh_branches,2298,592,592,0
pr-agent,ours,0.0,project_lines,12781,4841,4841,0
pr-agent,ours,0.0,project_branches,4394,1212,1212,0
pr-agent,ours,15.0,ldh_lines,4821,1306,1536,230
pr-agent,ours,15.0,ldh_branches,2298,592,681,89
pr-agent,ours,15.0,project_lines,12781,4841,5232,391
pr-agent,ours,15.0,project_branches,4394,1212,1335,123
pr-agent,ours,30.0,ldh_lines,4821,1306,1818,512
pr-agent,ours,30.0,ldh_branches,2298,592,799,207
pr-agent,ours,30.0,project_lines,12781,4841,5630,789
pr-agent,ours,30.0,project_branches,4394,1212,1479,267
pr-agent,ours,45.0,ldh_lines,4821,1306,2000,694
pr-agent,ours,45.0,ldh_branches,2298,592,892,300
pr-agent,ours,45.0,project_lines,12781,4841,5952,1111
pr-agent,ours,45.0,project_branches,4394,1212,1618,406
pr-agent,ours,60.0,ldh_lines,4821,1306,2247,941
pr-agent,ours,60.0,ldh_branches,2298,592,998,406
pr-agent,ours,60.0,project_lines,12781,4841,6354,1513
pr-agent,ours,60.0,project_branches,4394,1212,1794,582
pr-agent,ours,75.0,ldh_lines,4821,1306,2429,1123
pr-agent,ours,75.0,ldh_branches,2298,592,1095,503
pr-agent,ours,75.0,project_lines,12781,4841,6721,1880
pr-agent,ours,75.0,project_branches,4394,1212,1947,735
pr-agent,ours,90.0,ldh_lines,4821,1306,2612,1306
pr-agent,ours,90.0,ldh_branches,2298,592,1187,595
pr-agent,ours,90.0,project_lines,12781,4841,7048,2207
pr-agent,ours,90.0,project_branches,4394,1212,2074,862
pr-agent,ours,105.0,ldh_lines,4821,1306,2802,1496
pr-agent,ours,105.0,ldh_branches,2298,592,1279,687
pr-agent,ours,105.0,project_lines,12781,4841,7372,2531
pr-agent,ours,105.0,project_branches,4394,1212,2211,999
pr-agent,ours,120.0,ldh_lines,4821,1306,2891,1585
pr-agent,ours,120.0,ldh_branches,2298,592,1333,741
pr-agent,ours,120.0,project_lines,12781,4841,7624,2783
pr-agent,ours,120.0,project_branches,4394,1212,2325,1113
pr-agent,testtailor_general,0.0,ldh_lines,4821,1306,1306,0
pr-agent,testtailor_general,0.0,ldh_branches,2298,592,592,0
pr-agent,testtailor_general,0.0,project_lines,12781,4841,4841,0
pr-agent,testtailor_general,0.0,project_branches,4394,1212,1212,0
pr-agent,testtailor_general,15.0,ldh_lines,4821,1306,1334,28
pr-agent,testtailor_general,15.0,ldh_branches,2298,592,602,10
pr-agent,testtailor_general,15.0,project_lines,12781,4841,5023,182
pr-agent,testtailor_general,15.0,project_branches,4394,1212,1259,47
pr-agent,testtailor_general,30.0,ldh_lines,4821,1306,1345,39
pr-agent,testtailor_general,30.0,ldh_branches,2298,592,604,12
pr-agent,testtailor_general,30.0,project_lines,12781,4841,5106,265
pr-agent,testtailor_general,30.0,project_branches,4394,1212,1273,61
pr-agent,testtailor_general,45.0,ldh_lines,4821,1306,1349,43
pr-agent,testtailor_general,45.0,ldh_branches,2298,592,606,14
pr-agent,testtailor_general,45.0,project_lines,12781,4841,5178,337
pr-agent,testtailor_general,45.0,project_branches,4394,1212,1282,70
pr-agent,testtailor_general,60.0,ldh_lines,4821,1306,1364,58
pr-agent,testtailor_general,60.0,ldh_branches,2298,592,616,24
pr-agent,testtailor_general,60.0,project_lines,12781,4841,5231,390
pr-agent,testtailor_general,60.0,project_branches,4394,1212,1304,92
pr-agent,testtailor_general,75.0,ldh_lines,4821,1306,1370,64
pr-agent,testtailor_general,75.0,ldh_branches,2298,592,619,27
pr-agent,testtailor_general,75.0,project_lines,12781,4841,5332,491
pr-agent,testtailor_general,75.0,project_branches,4394,1212,1319,107
pr-agent,testtailor_general,90.0,ldh_lines,4821,1306,1399,93
pr-agent,testtailor_general,90.0,ldh_branches,2298,592,634,42
pr-agent,testtailor_general,90.0,project_lines,12781,4841,5437,596
pr-agent,testtailor_general,90.0,project_branches,4394,1212,1353,141
pr-agent,testtailor_general,105.0,ldh_lines,4821,1306,1403,97
pr-agent,testtailor_general,105.0,ldh_branches,2298,592,636,44
pr-agent,testtailor_general,105.0,project_lines,12781,4841,5472,631
pr-agent,testtailor_general,105.0,project_branches,4394,1212,1363,151
pr-agent,testtailor_general,120.0,ldh_lines,4821,1306,1413,107
pr-agent,testtailor_general,120.0,ldh_branches,2298,592,641,49
pr-agent,testtailor_general,120.0,project_lines,12781,4841,5514,673
pr-agent,testtailor_general,120.0,project_branches,4394,1212,1379,167
pr-agent,testtailor_scoped,0.0,ldh_lines,4821,1306,1306,0
pr-agent,testtailor_scoped,0.0,ldh_branches,2298,592,592,0
pr-agent,testtailor_scoped,0.0,project_lines,12781,4841,4841,0
pr-agent,testtailor_scoped,0.0,project_branches,4394,1212,1212,0
pr-agent,testtailor_scoped,15.0,ldh_lines,4821,1306,1329,23
pr-agent,testtailor_scoped,15.0,ldh_branches,2298,592,600,8
pr-agent,testtailor_scoped,15.0,project_lines,12781,4841,4984,143
pr-agent,testtailor_scoped,15.0,project_branches,4394,1212,1258,46
pr-agent,testtailor_scoped,30.0,ldh_lines,4821,1306,1349,43
pr-agent,testtailor_scoped,30.0,ldh_branches,2298,592,608,16
pr-agent,testtailor_scoped,30.0,project_lines,12781,4841,5123,282
pr-agent,testtailor_scoped,30.0,project_branches,4394,1212,1281,69
pr-agent,testtailor_scoped,45.0,ldh_lines,4821,1306,1389,83
pr-agent,testtailor_scoped,45.0,ldh_branches,2298,592,629,37
pr-agent,testtailor_scoped,45.0,project_lines,12781,4841,5207,366
pr-agent,testtailor_scoped,45.0,project_branches,4394,1212,1316,104
pr-agent,testtailor_scoped,60.0,ldh_lines,4821,1306,1442,136
pr-agent,testtailor_scoped,60.0,ldh_branches,2298,592,653,61
pr-agent,testtailor_scoped,60.0,project_lines,12781,4841,5340,499
pr-agent,testtailor_scoped,60.0,project_branches,4394,1212,1360,148
pr-agent,testtailor_scoped,75.0,ldh_lines,4821,1306,1456,150
pr-agent,testtailor_scoped,75.0,ldh_branches,2298,592,661,69
pr-agent,testtailor_scoped,75.0,project_lines,12781,4841,5375,534
pr-agent,testtailor_scoped,75.0,project_branches,4394,1212,1375,163
pr-agent,testtailor_scoped,90.0,ldh_lines,4821,1306,1466,160
pr-agent,testtailor_scoped,90.0,ldh_branches,2298,592,666,74
pr-agent,testtailor_scoped,90.0,project_lines,12781,4841,5415,574
pr-agent,testtailor_scoped,90.0,project_branches,4394,1212,1388,176
pr-agent,testtailor_scoped,105.0,ldh_lines,4821,1306,1502,196
pr-agent,testtailor_scoped,105.0,ldh_branches,2298,592,682,90
pr-agent,testtailor_scoped,105.0,project_lines,12781,4841,5492,651
pr-agent,testtailor_scoped,105.0,project_branches,4394,1212,1415,203
pr-agent,testtailor_scoped,120.0,ldh_lines,4821,1306,1526,220
pr-agent,testtailor_scoped,120.0,ldh_branches,2298,592,688,96
pr-agent,testtailor_scoped,120.0,project_lines,12781,4841,5585,744
pr-agent,testtailor_scoped,120.0,project_branches,4394,1212,1441,229
pr-agent,strict_agnostic,0,ldh_lines,4821,1306,1306,0
pr-agent,strict_agnostic,0,ldh_branches,2298,592,592,0
pr-agent,strict_agnostic,0,project_lines,12781,4841,4841,0
pr-agent,strict_agnostic,0,project_branches,4394,1212,1212,0
pr-agent,strict_agnostic,15,ldh_lines,4821,1306,1456,150
pr-agent,strict_agnostic,15,ldh_branches,2298,592,665,73
pr-agent,strict_agnostic,15,project_lines,12781,4841,5020,179
pr-agent,strict_agnostic,15,project_branches,4394,1212,1294,82
pr-agent,strict_agnostic,30,ldh_lines,4821,1306,1655,349
pr-agent,strict_agnostic,30,ldh_branches,2298,592,737,145
pr-agent,strict_agnostic,30,project_lines,12781,4841,5243,402
pr-agent,strict_agnostic,30,project_branches,4394,1212,1368,156
pr-agent,strict_agnostic,45,ldh_lines,4821,1306,1742,436
pr-agent,strict_agnostic,45,ldh_branches,2298,592,790,198
pr-agent,strict_agnostic,45,project_lines,12781,4841,5337,496
pr-agent,strict_agnostic,45,project_branches,4394,1212,1424,212
pr-agent,strict_agnostic,60,ldh_lines,4821,1306,1860,554
pr-agent,strict_agnostic,60,ldh_branches,2298,592,840,248
pr-agent,strict_agnostic,60,project_lines,12781,4841,5468,627
pr-agent,strict_agnostic,60,project_branches,4394,1212,1475,263
pr-agent,strict_agnostic,75,ldh_lines,4821,1306,1962,656
pr-agent,strict_agnostic,75,ldh_branches,2298,592,898,306
pr-agent,strict_agnostic,75,project_lines,12781,4841,5660,819
pr-agent,strict_agnostic,75,project_branches,4394,1212,1575,363
pr-agent,strict_agnostic,90,ldh_lines,4821,1306,2099,793
pr-agent,strict_agnostic,90,ldh_branches,2298,592,962,370
pr-agent,strict_agnostic,90,project_lines,12781,4841,5878,1037
pr-agent,strict_agnostic,90,project_branches,4394,1212,1668,456
pr-agent,strict_agnostic,105,ldh_lines,4821,1306,2200,894
pr-agent,strict_agnostic,105,ldh_branches,2298,592,1008,416
pr-agent,strict_agnostic,105,project_lines,12781,4841,6095,1254
pr-agent,strict_agnostic,105,project_branches,4394,1212,1771,559
pr-agent,strict_agnostic,120,ldh_lines,4821,1306,2249,943
pr-agent,strict_agnostic,120,ldh_branches,2298,592,1035,443
pr-agent,strict_agnostic,120,project_lines,12781,4841,6239,1398
pr-agent,strict_agnostic,120,project_branches,4394,1212,1813,601
gpt-researcher,coverup_general,0.0,ldh_lines,2277,243,243,0
gpt-researcher,coverup_general,0.0,ldh_branches,1018,117,117,0
gpt-researcher,coverup_general,0.0,project_lines,7022,1808,1808,0
gpt-researcher,coverup_general,0.0,project_branches,1798,185,185,0
gpt-researcher,coverup_general,15.0,ldh_lines,2277,243,568,325
gpt-researcher,coverup_general,15.0,ldh_branches,1018,117,248,131
gpt-researcher,coverup_general,15.0,project_lines,7022,1808,2176,368
gpt-researcher,coverup_general,15.0,project_branches,1798,185,324,139
gpt-researcher,coverup_general,30.0,ldh_lines,2277,243,815,572
gpt-researcher,coverup_general,30.0,ldh_branches,1018,117,310,193
gpt-researcher,coverup_general,30.0,project_lines,7022,1808,2578,770
gpt-researcher,coverup_general,30.0,project_branches,1798,185,400,215
gpt-researcher,coverup_general,45.0,ldh_lines,2277,243,912,669
gpt-researcher,coverup_general,45.0,ldh_branches,1018,117,361,244
gpt-researcher,coverup_general,45.0,project_lines,7022,1808,2798,990
gpt-researcher,coverup_general,45.0,project_branches,1798,185,507,322
gpt-researcher,coverup_general,60.0,ldh_lines,2277,243,953,710
gpt-researcher,coverup_general,60.0,ldh_branches,1018,117,372,255
gpt-researcher,coverup_general,60.0,project_lines,7022,1808,2950,1142
gpt-researcher,coverup_general,60.0,project_branches,1798,185,549,364
gpt-researcher,coverup_general,75.0,ldh_lines,2277,243,987,744
gpt-researcher,coverup_general,75.0,ldh_branches,1018,117,390,273
gpt-researcher,coverup_general,75.0,project_lines,7022,1808,3034,1226
gpt-researcher,coverup_general,75.0,project_branches,1798,185,587,402
gpt-researcher,coverup_general,90.0,ldh_lines,2277,243,1031,788
gpt-researcher,coverup_general,90.0,ldh_branches,1018,117,410,293
gpt-researcher,coverup_general,90.0,project_lines,7022,1808,3153,1345
gpt-researcher,coverup_general,90.0,project_branches,1798,185,623,438
gpt-researcher,coverup_general,105.0,ldh_lines,2277,243,1066,823
gpt-researcher,coverup_general,105.0,ldh_branches,1018,117,424,307
gpt-researcher,coverup_general,105.0,project_lines,7022,1808,3235,1427
gpt-researcher,coverup_general,105.0,project_branches,1798,185,653,468
gpt-researcher,coverup_general,120.0,ldh_lines,2277,243,1096,853
gpt-researcher,coverup_general,120.0,ldh_branches,1018,117,432,315
gpt-researcher,coverup_general,120.0,project_lines,7022,1808,3577,1769
gpt-researcher,coverup_general,120.0,project_branches,1798,185,673,488
gpt-researcher,coverup_scoped,0.0,ldh_lines,2277,243,243,0
gpt-researcher,coverup_scoped,0.0,ldh_branches,1018,117,117,0
gpt-researcher,coverup_scoped,0.0,project_lines,7022,1808,1808,0
gpt-researcher,coverup_scoped,0.0,project_branches,1798,185,185,0
gpt-researcher,coverup_scoped,15.0,ldh_lines,2277,243,483,240
gpt-researcher,coverup_scoped,15.0,ldh_branches,1018,117,230,113
gpt-researcher,coverup_scoped,15.0,project_lines,7022,1808,2090,282
gpt-researcher,coverup_scoped,15.0,project_branches,1798,185,305,120
gpt-researcher,coverup_scoped,30.0,ldh_lines,2277,243,585,342
gpt-researcher,coverup_scoped,30.0,ldh_branches,1018,117,268,151
gpt-researcher,coverup_scoped,30.0,project_lines,7022,1808,2259,451
gpt-researcher,coverup_scoped,30.0,project_branches,1798,185,358,173
gpt-researcher,coverup_scoped,45.0,ldh_lines,2277,243,829,586
gpt-researcher,coverup_scoped,45.0,ldh_branches,1018,117,359,242
gpt-researcher,coverup_scoped,45.0,project_lines,7022,1808,2621,813
gpt-researcher,coverup_scoped,45.0,project_branches,1798,185,452,267
gpt-researcher,coverup_scoped,60.0,ldh_lines,2277,243,918,675
gpt-researcher,coverup_scoped,60.0,ldh_branches,1018,117,396,279
gpt-researcher,coverup_scoped,60.0,project_lines,7022,1808,2792,984
gpt-researcher,coverup_scoped,60.0,project_branches,1798,185,510,325
gpt-researcher,coverup_scoped,75.0,ldh_lines,2277,243,986,743
gpt-researcher,coverup_scoped,75.0,ldh_branches,1018,117,414,297
gpt-researcher,coverup_scoped,75.0,project_lines,7022,1808,2944,1136
gpt-researcher,coverup_scoped,75.0,project_branches,1798,185,541,356
gpt-researcher,coverup_scoped,90.0,ldh_lines,2277,243,1091,848
gpt-researcher,coverup_scoped,90.0,ldh_branches,1018,117,448,331
gpt-researcher,coverup_scoped,90.0,project_lines,7022,1808,3124,1316
gpt-researcher,coverup_scoped,90.0,project_branches,1798,185,586,401
gpt-researcher,coverup_scoped,105.0,ldh_lines,2277,243,1150,907
gpt-researcher,coverup_scoped,105.0,ldh_branches,1018,117,472,355
gpt-researcher,coverup_scoped,105.0,project_lines,7022,1808,3246,1438
gpt-researcher,coverup_scoped,105.0,project_branches,1798,185,626,441
gpt-researcher,coverup_scoped,120.0,ldh_lines,2277,243,1175,932
gpt-researcher,coverup_scoped,120.0,ldh_branches,1018,117,478,361
gpt-researcher,coverup_scoped,120.0,project_lines,7022,1808,3501,1693
gpt-researcher,coverup_scoped,120.0,project_branches,1798,185,642,457
gpt-researcher,ours,0.0,ldh_lines,2277,243,243,0
gpt-researcher,ours,0.0,ldh_branches,1018,117,117,0
gpt-researcher,ours,0.0,project_lines,7022,1808,1808,0
gpt-researcher,ours,0.0,project_branches,1798,185,185,0
gpt-researcher,ours,15.0,ldh_lines,2277,243,836,593
gpt-researcher,ours,15.0,ldh_branches,1018,117,379,262
gpt-researcher,ours,15.0,project_lines,7022,1808,2630,822
gpt-researcher,ours,15.0,project_branches,1798,185,476,291
gpt-researcher,ours,30.0,ldh_lines,2277,243,1095,852
gpt-researcher,ours,30.0,ldh_branches,1018,117,510,393
gpt-researcher,ours,30.0,project_lines,7022,1808,3125,1317
gpt-researcher,ours,30.0,project_branches,1798,185,696,511
gpt-researcher,ours,45.0,ldh_lines,2277,243,1295,1052
gpt-researcher,ours,45.0,ldh_branches,1018,117,594,477
gpt-researcher,ours,45.0,project_lines,7022,1808,3691,1883
gpt-researcher,ours,45.0,project_branches,1798,185,822,637
gpt-researcher,ours,60.0,ldh_lines,2277,243,1464,1221
gpt-researcher,ours,60.0,ldh_branches,1018,117,649,532
gpt-researcher,ours,60.0,project_lines,7022,1808,4014,2206
gpt-researcher,ours,60.0,project_branches,1798,185,924,739
gpt-researcher,ours,75.0,ldh_lines,2277,243,1593,1350
gpt-researcher,ours,75.0,ldh_branches,1018,117,692,575
gpt-researcher,ours,75.0,project_lines,7022,1808,4302,2494
gpt-researcher,ours,75.0,project_branches,1798,185,996,811
gpt-researcher,ours,90.0,ldh_lines,2277,243,1693,1450
gpt-researcher,ours,90.0,ldh_branches,1018,117,734,617
gpt-researcher,ours,90.0,project_lines,7022,1808,4540,2732
gpt-researcher,ours,90.0,project_branches,1798,185,1073,888
gpt-researcher,ours,105.0,ldh_lines,2277,243,1756,1513
gpt-researcher,ours,105.0,ldh_branches,1018,117,756,639
gpt-researcher,ours,105.0,project_lines,7022,1808,4710,2902
gpt-researcher,ours,105.0,project_branches,1798,185,1126,941
gpt-researcher,ours,120.0,ldh_lines,2277,243,1809,1566
gpt-researcher,ours,120.0,ldh_branches,1018,117,767,650
gpt-researcher,ours,120.0,project_lines,7022,1808,4865,3057
gpt-researcher,ours,120.0,project_branches,1798,185,1159,974
gpt-researcher,testtailor_general,0.0,ldh_lines,2277,243,243,0
gpt-researcher,testtailor_general,0.0,ldh_branches,1018,117,117,0
gpt-researcher,testtailor_general,0.0,project_lines,7022,1808,1808,0
gpt-researcher,testtailor_general,0.0,project_branches,1798,185,185,0
gpt-researcher,testtailor_general,15.0,ldh_lines,2277,243,315,72
gpt-researcher,testtailor_general,15.0,ldh_branches,1018,117,135,18
gpt-researcher,testtailor_general,15.0,project_lines,7022,1808,2265,457
gpt-researcher,testtailor_general,15.0,project_branches,1798,185,230,45
gpt-researcher,testtailor_general,30.0,ldh_lines,2277,243,380,137
gpt-researcher,testtailor_general,30.0,ldh_branches,1018,117,161,44
gpt-researcher,testtailor_general,30.0,project_lines,7022,1808,2476,668
gpt-researcher,testtailor_general,30.0,project_branches,1798,185,269,84
gpt-researcher,testtailor_general,45.0,ldh_lines,2277,243,409,166
gpt-researcher,testtailor_general,45.0,ldh_branches,1018,117,165,48
gpt-researcher,testtailor_general,45.0,project_lines,7022,1808,2601,793
gpt-researcher,testtailor_general,45.0,project_branches,1798,185,290,105
gpt-researcher,testtailor_general,60.0,ldh_lines,2277,243,462,219
gpt-researcher,testtailor_general,60.0,ldh_branches,1018,117,191,74
gpt-researcher,testtailor_general,60.0,project_lines,7022,1808,2721,913
gpt-researcher,testtailor_general,60.0,project_branches,1798,185,331,146
gpt-researcher,testtailor_general,75.0,ldh_lines,2277,243,484,241
gpt-researcher,testtailor_general,75.0,ldh_branches,1018,117,199,82
gpt-researcher,testtailor_general,75.0,project_lines,7022,1808,2888,1080
gpt-researcher,testtailor_general,75.0,project_branches,1798,185,367,182
gpt-researcher,testtailor_general,90.0,ldh_lines,2277,243,592,349
gpt-researcher,testtailor_general,90.0,ldh_branches,1018,117,262,145
gpt-researcher,testtailor_general,90.0,project_lines,7022,1808,3083,1275
gpt-researcher,testtailor_general,90.0,project_branches,1798,185,447,262
gpt-researcher,testtailor_general,105.0,ldh_lines,2277,243,607,364
gpt-researcher,testtailor_general,105.0,ldh_branches,1018,117,267,150
gpt-researcher,testtailor_general,105.0,project_lines,7022,1808,3183,1375
gpt-researcher,testtailor_general,105.0,project_branches,1798,185,472,287
gpt-researcher,testtailor_general,120.0,ldh_lines,2277,243,642,399
gpt-researcher,testtailor_general,120.0,ldh_branches,1018,117,279,162
gpt-researcher,testtailor_general,120.0,project_lines,7022,1808,3251,1443
gpt-researcher,testtailor_general,120.0,project_branches,1798,185,492,307
gpt-researcher,testtailor_scoped,0.0,ldh_lines,2277,243,243,0
gpt-researcher,testtailor_scoped,0.0,ldh_branches,1018,117,117,0
gpt-researcher,testtailor_scoped,0.0,project_lines,7022,1808,1808,0
gpt-researcher,testtailor_scoped,0.0,project_branches,1798,185,185,0
gpt-researcher,testtailor_scoped,15.0,ldh_lines,2277,243,353,110
gpt-researcher,testtailor_scoped,15.0,ldh_branches,1018,117,155,38
gpt-researcher,testtailor_scoped,15.0,project_lines,7022,1808,2311,503
gpt-researcher,testtailor_scoped,15.0,project_branches,1798,185,240,55
gpt-researcher,testtailor_scoped,30.0,ldh_lines,2277,243,435,192
gpt-researcher,testtailor_scoped,30.0,ldh_branches,1018,117,176,59
gpt-researcher,testtailor_scoped,30.0,project_lines,7022,1808,2485,677
gpt-researcher,testtailor_scoped,30.0,project_branches,1798,185,272,87
gpt-researcher,testtailor_scoped,45.0,ldh_lines,2277,243,526,283
gpt-researcher,testtailor_scoped,45.0,ldh_branches,1018,117,216,99
gpt-researcher,testtailor_scoped,45.0,project_lines,7022,1808,2695,887
gpt-researcher,testtailor_scoped,45.0,project_branches,1798,185,341,156
gpt-researcher,testtailor_scoped,60.0,ldh_lines,2277,243,563,320
gpt-researcher,testtailor_scoped,60.0,ldh_branches,1018,117,230,113
gpt-researcher,testtailor_scoped,60.0,project_lines,7022,1808,2775,967
gpt-researcher,testtailor_scoped,60.0,project_branches,1798,185,363,178
gpt-researcher,testtailor_scoped,75.0,ldh_lines,2277,243,624,381
gpt-researcher,testtailor_scoped,75.0,ldh_branches,1018,117,260,143
gpt-researcher,testtailor_scoped,75.0,project_lines,7022,1808,2909,1101
gpt-researcher,testtailor_scoped,75.0,project_branches,1798,185,410,225
gpt-researcher,testtailor_scoped,90.0,ldh_lines,2277,243,675,432
gpt-researcher,testtailor_scoped,90.0,ldh_branches,1018,117,284,167
gpt-researcher,testtailor_scoped,90.0,project_lines,7022,1808,3016,1208
gpt-researcher,testtailor_scoped,90.0,project_branches,1798,185,452,267
gpt-researcher,testtailor_scoped,105.0,ldh_lines,2277,243,803,560
gpt-researcher,testtailor_scoped,105.0,ldh_branches,1018,117,326,209
gpt-researcher,testtailor_scoped,105.0,project_lines,7022,1808,3207,1399
gpt-researcher,testtailor_scoped,105.0,project_branches,1798,185,507,322
gpt-researcher,testtailor_scoped,120.0,ldh_lines,2277,243,882,639
gpt-researcher,testtailor_scoped,120.0,ldh_branches,1018,117,358,241
gpt-researcher,testtailor_scoped,120.0,project_lines,7022,1808,3344,1536
gpt-researcher,testtailor_scoped,120.0,project_branches,1798,185,554,369
gpt-researcher,strict_agnostic,0,ldh_lines,2277,243,243,0
gpt-researcher,strict_agnostic,0,ldh_branches,1018,117,117,0
gpt-researcher,strict_agnostic,0,project_lines,7022,1808,1808,0
gpt-researcher,strict_agnostic,0,project_branches,1798,185,185,0
gpt-researcher,strict_agnostic,15,ldh_lines,2277,243,368,125
gpt-researcher,strict_agnostic,15,ldh_branches,1018,117,186,69
gpt-researcher,strict_agnostic,15,project_lines,7022,1808,1950,142
gpt-researcher,strict_agnostic,15,project_branches,1798,185,261,76
gpt-researcher,strict_agnostic,30,ldh_lines,2277,243,612,369
gpt-researcher,strict_agnostic,30,ldh_branches,1018,117,284,167
gpt-researcher,strict_agnostic,30,project_lines,7022,1808,2286,478
gpt-researcher,strict_agnostic,30,project_branches,1798,185,365,180
gpt-researcher,strict_agnostic,45,ldh_lines,2277,243,778,535
gpt-researcher,strict_agnostic,45,ldh_branches,1018,117,348,231
gpt-researcher,strict_agnostic,45,project_lines,7022,1808,2588,780
gpt-researcher,strict_agnostic,45,project_branches,1798,185,449,264
gpt-researcher,strict_agnostic,60,ldh_lines,2277,243,871,628
gpt-researcher,strict_agnostic,60,ldh_branches,1018,117,401,284
gpt-researcher,strict_agnostic,60,project_lines,7022,1808,2777,969
gpt-researcher,strict_agnostic,60,project_branches,1798,185,548,363
gpt-researcher,strict_agnostic,75,ldh_lines,2277,243,915,672
gpt-researcher,strict_agnostic,75,ldh_branches,1018,117,423,306
gpt-researcher,strict_agnostic,75,project_lines,7022,1808,2842,1034
gpt-researcher,strict_agnostic,75,project_branches,1798,185,583,398
gpt-researcher,strict_agnostic,90,ldh_lines,2277,243,989,746
gpt-researcher,strict_agnostic,90,ldh_branches,1018,117,462,345
gpt-researcher,strict_agnostic,90,project_lines,7022,1808,2943,1135
gpt-researcher,strict_agnostic,90,project_branches,1798,185,626,441
gpt-researcher,strict_agnostic,105,ldh_lines,2277,243,1090,847
gpt-researcher,strict_agnostic,105,ldh_branches,1018,117,502,385
gpt-researcher,strict_agnostic,105,project_lines,7022,1808,3152,1344
gpt-researcher,strict_agnostic,105,project_branches,1798,185,688,503
gpt-researcher,strict_agnostic,120,ldh_lines,2277,243,1174,931
gpt-researcher,strict_agnostic,120,ldh_branches,1018,117,541,424
gpt-researcher,strict_agnostic,120,project_lines,7022,1808,3287,1479
gpt-researcher,strict_agnostic,120,project_branches,1798,185,733,548
browser-use,coverup_general,0.0,ldh_lines,3618,1024,1024,0
browser-use,coverup_general,0.0,ldh_branches,2104,536,536,0
browser-use,coverup_general,0.0,project_lines,33430,12540,12540,0
browser-use,coverup_general,0.0,project_branches,12534,3227,3227,0
browser-use,coverup_general,15.0,ldh_lines,3618,1024,1024,0
browser-use,coverup_general,15.0,ldh_branches,2104,536,536,0
browser-use,coverup_general,15.0,project_lines,33430,12540,12953,413
browser-use,coverup_general,15.0,project_branches,12534,3227,3405,178
browser-use,coverup_general,30.0,ldh_lines,3618,1024,1027,3
browser-use,coverup_general,30.0,ldh_branches,2104,536,536,0
browser-use,coverup_general,30.0,project_lines,33430,12540,13180,640
browser-use,coverup_general,30.0,project_branches,12534,3227,3500,273
browser-use,coverup_general,45.0,ldh_lines,3618,1024,1066,42
browser-use,coverup_general,45.0,ldh_branches,2104,536,560,24
browser-use,coverup_general,45.0,project_lines,33430,12540,13345,805
browser-use,coverup_general,45.0,project_branches,12534,3227,3556,329
browser-use,coverup_general,60.0,ldh_lines,3618,1024,1081,57
browser-use,coverup_general,60.0,ldh_branches,2104,536,562,26
browser-use,coverup_general,60.0,project_lines,33430,12540,13723,1183
browser-use,coverup_general,60.0,project_branches,12534,3227,3744,517
browser-use,coverup_general,75.0,ldh_lines,3618,1024,1184,160
browser-use,coverup_general,75.0,ldh_branches,2104,536,614,78
browser-use,coverup_general,75.0,project_lines,33430,12540,14228,1688
browser-use,coverup_general,75.0,project_branches,12534,3227,3884,657
browser-use,coverup_general,90.0,ldh_lines,3618,1024,1232,208
browser-use,coverup_general,90.0,ldh_branches,2104,536,633,97
browser-use,coverup_general,90.0,project_lines,33430,12540,14816,2276
browser-use,coverup_general,90.0,project_branches,12534,3227,4109,882
browser-use,coverup_general,105.0,ldh_lines,3618,1024,1236,212
browser-use,coverup_general,105.0,ldh_branches,2104,536,633,97
browser-use,coverup_general,105.0,project_lines,33430,12540,15061,2521
browser-use,coverup_general,105.0,project_branches,12534,3227,4247,1020
browser-use,coverup_general,120.0,ldh_lines,3618,1024,1238,214
browser-use,coverup_general,120.0,ldh_branches,2104,536,633,97
browser-use,coverup_general,120.0,project_lines,33430,12540,15499,2959
browser-use,coverup_general,120.0,project_branches,12534,3227,4386,1159
browser-use,coverup_scoped,0.0,ldh_lines,3618,1024,1024,0
browser-use,coverup_scoped,0.0,ldh_branches,2104,536,536,0
browser-use,coverup_scoped,0.0,project_lines,33430,12540,12540,0
browser-use,coverup_scoped,0.0,project_branches,12534,3227,3227,0
browser-use,coverup_scoped,15.0,ldh_lines,3618,1024,1024,0
browser-use,coverup_scoped,15.0,ldh_branches,2104,536,536,0
browser-use,coverup_scoped,15.0,project_lines,33430,12540,12757,217
browser-use,coverup_scoped,15.0,project_branches,12534,3227,3244,17
browser-use,coverup_scoped,30.0,ldh_lines,3618,1024,1024,0
browser-use,coverup_scoped,30.0,ldh_branches,2104,536,536,0
browser-use,coverup_scoped,30.0,project_lines,33430,12540,12757,217
browser-use,coverup_scoped,30.0,project_branches,12534,3227,3244,17
browser-use,coverup_scoped,45.0,ldh_lines,3618,1024,1247,223
browser-use,coverup_scoped,45.0,ldh_branches,2104,536,628,92
browser-use,coverup_scoped,45.0,project_lines,33430,12540,13337,797
browser-use,coverup_scoped,45.0,project_branches,12534,3227,3487,260
browser-use,coverup_scoped,60.0,ldh_lines,3618,1024,1292,268
browser-use,coverup_scoped,60.0,ldh_branches,2104,536,660,124
browser-use,coverup_scoped,60.0,project_lines,33430,12540,13653,1113
browser-use,coverup_scoped,60.0,project_branches,12534,3227,3620,393
browser-use,coverup_scoped,75.0,ldh_lines,3618,1024,1320,296
browser-use,coverup_scoped,75.0,ldh_branches,2104,536,662,126
browser-use,coverup_scoped,75.0,project_lines,33430,12540,14110,1570
browser-use,coverup_scoped,75.0,project_branches,12534,3227,3751,524
browser-use,coverup_scoped,90.0,ldh_lines,3618,1024,1364,340
browser-use,coverup_scoped,90.0,ldh_branches,2104,536,682,146
browser-use,coverup_scoped,90.0,project_lines,33430,12540,14247,1707
browser-use,coverup_scoped,90.0,project_branches,12534,3227,3811,584
browser-use,coverup_scoped,105.0,ldh_lines,3618,1024,1378,354
browser-use,coverup_scoped,105.0,ldh_branches,2104,536,687,151
browser-use,coverup_scoped,105.0,project_lines,33430,12540,14427,1887
browser-use,coverup_scoped,105.0,project_branches,12534,3227,3880,653
browser-use,coverup_scoped,120.0,ldh_lines,3618,1024,1380,356
browser-use,coverup_scoped,120.0,ldh_branches,2104,536,687,151
browser-use,coverup_scoped,120.0,project_lines,33430,12540,14512,1972
browser-use,coverup_scoped,120.0,project_branches,12534,3227,3899,672
browser-use,ours,0.0,ldh_lines,3618,1024,1024,0
browser-use,ours,0.0,ldh_branches,2104,536,536,0
browser-use,ours,0.0,project_lines,33430,12540,12540,0
browser-use,ours,0.0,project_branches,12534,3227,3227,0
browser-use,ours,15.0,ldh_lines,3618,1024,1179,155
browser-use,ours,15.0,ldh_branches,2104,536,606,70
browser-use,ours,15.0,project_lines,33430,12540,13162,622
browser-use,ours,15.0,project_branches,12534,3227,3425,198
browser-use,ours,30.0,ldh_lines,3618,1024,1358,334
browser-use,ours,30.0,ldh_branches,2104,536,695,159
browser-use,ours,30.0,project_lines,33430,12540,13734,1194
browser-use,ours,30.0,project_branches,12534,3227,3691,464
browser-use,ours,45.0,ldh_lines,3618,1024,1441,417
browser-use,ours,45.0,ldh_branches,2104,536,730,194
browser-use,ours,45.0,project_lines,33430,12540,14137,1597
browser-use,ours,45.0,project_branches,12534,3227,3821,594
browser-use,ours,60.0,ldh_lines,3618,1024,1456,432
browser-use,ours,60.0,ldh_branches,2104,536,732,196
browser-use,ours,60.0,project_lines,33430,12540,14489,1949
browser-use,ours,60.0,project_branches,12534,3227,4001,774
browser-use,ours,75.0,ldh_lines,3618,1024,1527,503
browser-use,ours,75.0,ldh_branches,2104,536,771,235
browser-use,ours,75.0,project_lines,33430,12540,14818,2278
browser-use,ours,75.0,project_branches,12534,3227,4122,895
browser-use,ours,90.0,ldh_lines,3618,1024,1716,692
browser-use,ours,90.0,ldh_branches,2104,536,893,357
browser-use,ours,90.0,project_lines,33430,12540,15235,2695
browser-use,ours,90.0,project_branches,12534,3227,4315,1088
browser-use,ours,105.0,ldh_lines,3618,1024,1805,781
browser-use,ours,105.0,ldh_branches,2104,536,948,412
browser-use,ours,105.0,project_lines,33430,12540,15618,3078
browser-use,ours,105.0,project_branches,12534,3227,4463,1236
browser-use,ours,120.0,ldh_lines,3618,1024,1919,895
browser-use,ours,120.0,ldh_branches,2104,536,1013,477
browser-use,ours,120.0,project_lines,33430,12540,15927,3387
browser-use,ours,120.0,project_branches,12534,3227,4604,1377
browser-use,testtailor_general,0.0,ldh_lines,3618,1024,1024,0
browser-use,testtailor_general,0.0,ldh_branches,2104,536,536,0
browser-use,testtailor_general,0.0,project_lines,33430,12540,12540,0
browser-use,testtailor_general,0.0,project_branches,12534,3227,3227,0
browser-use,testtailor_general,15.0,ldh_lines,3618,1024,1030,6
browser-use,testtailor_general,15.0,ldh_branches,2104,536,539,3
browser-use,testtailor_general,15.0,project_lines,33430,12540,13101,561
browser-use,testtailor_general,15.0,project_branches,12534,3227,3268,41
browser-use,testtailor_general,30.0,ldh_lines,3618,1024,1036,12
browser-use,testtailor_general,30.0,ldh_branches,2104,536,540,4
browser-use,testtailor_general,30.0,project_lines,33430,12540,13532,992
browser-use,testtailor_general,30.0,project_branches,12534,3227,3308,81
browser-use,testtailor_general,45.0,ldh_lines,3618,1024,1055,31
browser-use,testtailor_general,45.0,ldh_branches,2104,536,547,11
browser-use,testtailor_general,45.0,project_lines,33430,12540,13637,1097
browser-use,testtailor_general,45.0,project_branches,12534,3227,3332,105
browser-use,testtailor_general,60.0,ldh_lines,3618,1024,1057,33
browser-use,testtailor_general,60.0,ldh_branches,2104,536,548,12
browser-use,testtailor_general,60.0,project_lines,33430,12540,13698,1158
browser-use,testtailor_general,60.0,project_branches,12534,3227,3357,130
browser-use,testtailor_general,75.0,ldh_lines,3618,1024,1067,43
browser-use,testtailor_general,75.0,ldh_branches,2104,536,555,19
browser-use,testtailor_general,75.0,project_lines,33430,12540,13804,1264
browser-use,testtailor_general,75.0,project_branches,12534,3227,3391,164
browser-use,testtailor_general,90.0,ldh_lines,3618,1024,1072,48
browser-use,testtailor_general,90.0,ldh_branches,2104,536,556,20
browser-use,testtailor_general,90.0,project_lines,33430,12540,13906,1366
browser-use,testtailor_general,90.0,project_branches,12534,3227,3436,209
browser-use,testtailor_general,105.0,ldh_lines,3618,1024,1087,63
browser-use,testtailor_general,105.0,ldh_branches,2104,536,566,30
browser-use,testtailor_general,105.0,project_lines,33430,12540,14016,1476
browser-use,testtailor_general,105.0,project_branches,12534,3227,3477,250
browser-use,testtailor_general,120.0,ldh_lines,3618,1024,1093,69
browser-use,testtailor_general,120.0,ldh_branches,2104,536,570,34
browser-use,testtailor_general,120.0,project_lines,33430,12540,14104,1564
browser-use,testtailor_general,120.0,project_branches,12534,3227,3508,281
browser-use,testtailor_scoped,0.0,ldh_lines,3618,1024,1024,0
browser-use,testtailor_scoped,0.0,ldh_branches,2104,536,536,0
browser-use,testtailor_scoped,0.0,project_lines,33430,12540,12540,0
browser-use,testtailor_scoped,0.0,project_branches,12534,3227,3227,0
browser-use,testtailor_scoped,15.0,ldh_lines,3618,1024,1052,28
browser-use,testtailor_scoped,15.0,ldh_branches,2104,536,547,11
browser-use,testtailor_scoped,15.0,project_lines,33430,12540,12996,456
browser-use,testtailor_scoped,15.0,project_branches,12534,3227,3273,46
browser-use,testtailor_scoped,30.0,ldh_lines,3618,1024,1069,45
browser-use,testtailor_scoped,30.0,ldh_branches,2104,536,554,18
browser-use,testtailor_scoped,30.0,project_lines,33430,12540,13350,810
browser-use,testtailor_scoped,30.0,project_branches,12534,3227,3319,92
browser-use,testtailor_scoped,45.0,ldh_lines,3618,1024,1100,76
browser-use,testtailor_scoped,45.0,ldh_branches,2104,536,573,37
browser-use,testtailor_scoped,45.0,project_lines,33430,12540,13538,998
browser-use,testtailor_scoped,45.0,project_branches,12534,3227,3381,154
browser-use,testtailor_scoped,60.0,ldh_lines,3618,1024,1148,124
browser-use,testtailor_scoped,60.0,ldh_branches,2104,536,603,67
browser-use,testtailor_scoped,60.0,project_lines,33430,12540,13665,1125
browser-use,testtailor_scoped,60.0,project_branches,12534,3227,3450,223
browser-use,testtailor_scoped,75.0,ldh_lines,3618,1024,1196,172
browser-use,testtailor_scoped,75.0,ldh_branches,2104,536,631,95
browser-use,testtailor_scoped,75.0,project_lines,33430,12540,13759,1219
browser-use,testtailor_scoped,75.0,project_branches,12534,3227,3502,275
browser-use,testtailor_scoped,90.0,ldh_lines,3618,1024,1221,197
browser-use,testtailor_scoped,90.0,ldh_branches,2104,536,648,112
browser-use,testtailor_scoped,90.0,project_lines,33430,12540,13799,1259
browser-use,testtailor_scoped,90.0,project_branches,12534,3227,3524,297
browser-use,testtailor_scoped,105.0,ldh_lines,3618,1024,1301,277
browser-use,testtailor_scoped,105.0,ldh_branches,2104,536,682,146
browser-use,testtailor_scoped,105.0,project_lines,33430,12540,13973,1433
browser-use,testtailor_scoped,105.0,project_branches,12534,3227,3588,361
browser-use,testtailor_scoped,120.0,ldh_lines,3618,1024,1324,300
browser-use,testtailor_scoped,120.0,ldh_branches,2104,536,694,158
browser-use,testtailor_scoped,120.0,project_lines,33430,12540,14024,1484
browser-use,testtailor_scoped,120.0,project_branches,12534,3227,3614,387
browser-use,strict_agnostic,0,ldh_lines,3618,1024,1024,0
browser-use,strict_agnostic,0,ldh_branches,2104,536,536,0
browser-use,strict_agnostic,0,project_lines,33430,12540,12540,0
browser-use,strict_agnostic,0,project_branches,12534,3227,3227,0
browser-use,strict_agnostic,15,ldh_lines,3618,1024,1024,0
browser-use,strict_agnostic,15,ldh_branches,2104,536,536,0
browser-use,strict_agnostic,15,project_lines,33430,12540,12582,42
browser-use,strict_agnostic,15,project_branches,12534,3227,3238,11
browser-use,strict_agnostic,30,ldh_lines,3618,1024,1034,10
browser-use,strict_agnostic,30,ldh_branches,2104,536,537,1
browser-use,strict_agnostic,30,project_lines,33430,12540,12660,120
browser-use,strict_agnostic,30,project_branches,12534,3227,3291,64
browser-use,strict_agnostic,45,ldh_lines,3618,1024,1087,63
browser-use,strict_agnostic,45,ldh_branches,2104,536,569,33
browser-use,strict_agnostic,45,project_lines,33430,12540,12916,376
browser-use,strict_agnostic,45,project_branches,12534,3227,3343,116
browser-use,strict_agnostic,60,ldh_lines,3618,1024,1123,99
browser-use,strict_agnostic,60,ldh_branches,2104,536,584,48
browser-use,strict_agnostic,60,project_lines,33430,12540,12957,417
browser-use,strict_agnostic,60,project_branches,12534,3227,3359,132
browser-use,strict_agnostic,75,ldh_lines,3618,1024,1132,108
browser-use,strict_agnostic,75,ldh_branches,2104,536,587,51
browser-use,strict_agnostic,75,project_lines,33430,12540,13010,470
browser-use,strict_agnostic,75,project_branches,12534,3227,3389,162
browser-use,strict_agnostic,90,ldh_lines,3618,1024,1138,114
browser-use,strict_agnostic,90,ldh_branches,2104,536,587,51
browser-use,strict_agnostic,90,project_lines,33430,12540,13138,598
browser-use,strict_agnostic,90,project_branches,12534,3227,3442,215
browser-use,strict_agnostic,105,ldh_lines,3618,1024,1173,149
browser-use,strict_agnostic,105,ldh_branches,2104,536,601,65
browser-use,strict_agnostic,105,project_lines,33430,12540,13182,642
browser-use,strict_agnostic,105,project_branches,12534,3227,3458,231
browser-use,strict_agnostic,120,ldh_lines,3618,1024,1198,174
browser-use,strict_agnostic,120,ldh_branches,2104,536,614,78
browser-use,strict_agnostic,120,project_lines,33430,12540,13324,784
browser-use,strict_agnostic,120,project_branches,12534,3227,3515,288
rd-agent,coverup_general,0.0,ldh_lines,4267,230,230,0
rd-agent,coverup_general,0.0,ldh_branches,1782,120,120,0
rd-agent,coverup_general,0.0,project_lines,22860,4760,4760,0
rd-agent,coverup_general,0.0,project_branches,6380,230,230,0
rd-agent,coverup_general,15.0,ldh_lines,4267,230,346,116
rd-agent,coverup_general,15.0,ldh_branches,1782,120,161,41
rd-agent,coverup_general,15.0,project_lines,22860,4760,5116,356
rd-agent,coverup_general,15.0,project_branches,6380,230,344,114
rd-agent,coverup_general,30.0,ldh_lines,4267,230,575,345
rd-agent,coverup_general,30.0,ldh_branches,1782,120,247,127
rd-agent,coverup_general,30.0,project_lines,22860,4760,5564,804
rd-agent,coverup_general,30.0,project_branches,6380,230,536,306
rd-agent,coverup_general,45.0,ldh_lines,4267,230,595,365
rd-agent,coverup_general,45.0,ldh_branches,1782,120,252,132
rd-agent,coverup_general,45.0,project_lines,22860,4760,5776,1016
rd-agent,coverup_general,45.0,project_branches,6380,230,594,364
rd-agent,coverup_general,60.0,ldh_lines,4267,230,639,409
rd-agent,coverup_general,60.0,ldh_branches,1782,120,277,157
rd-agent,coverup_general,60.0,project_lines,22860,4760,5933,1173
rd-agent,coverup_general,60.0,project_branches,6380,230,658,428
rd-agent,coverup_general,75.0,ldh_lines,4267,230,796,566
rd-agent,coverup_general,75.0,ldh_branches,1782,120,346,226
rd-agent,coverup_general,75.0,project_lines,22860,4760,6471,1711
rd-agent,coverup_general,75.0,project_branches,6380,230,832,602
rd-agent,coverup_general,90.0,ldh_lines,4267,230,860,630
rd-agent,coverup_general,90.0,ldh_branches,1782,120,371,251
rd-agent,coverup_general,90.0,project_lines,22860,4760,6624,1864
rd-agent,coverup_general,90.0,project_branches,6380,230,901,671
rd-agent,coverup_general,105.0,ldh_lines,4267,230,935,705
rd-agent,coverup_general,105.0,ldh_branches,1782,120,407,287
rd-agent,coverup_general,105.0,project_lines,22860,4760,6784,2024
rd-agent,coverup_general,105.0,project_branches,6380,230,958,728
rd-agent,coverup_general,120.0,ldh_lines,4267,230,977,747
rd-agent,coverup_general,120.0,ldh_branches,1782,120,419,299
rd-agent,coverup_general,120.0,project_lines,22860,4760,7160,2400
rd-agent,coverup_general,120.0,project_branches,6380,230,1060,830
rd-agent,coverup_scoped,0.0,ldh_lines,4267,230,230,0
rd-agent,coverup_scoped,0.0,ldh_branches,1782,120,120,0
rd-agent,coverup_scoped,0.0,project_lines,22860,4760,4760,0
rd-agent,coverup_scoped,0.0,project_branches,6380,230,230,0
rd-agent,coverup_scoped,15.0,ldh_lines,4267,230,259,29
rd-agent,coverup_scoped,15.0,ldh_branches,1782,120,127,7
rd-agent,coverup_scoped,15.0,project_lines,22860,4760,4815,55
rd-agent,coverup_scoped,15.0,project_branches,6380,230,250,20
rd-agent,coverup_scoped,30.0,ldh_lines,4267,230,326,96
rd-agent,coverup_scoped,30.0,ldh_branches,1782,120,159,39
rd-agent,coverup_scoped,30.0,project_lines,22860,4760,4951,191
rd-agent,coverup_scoped,30.0,project_branches,6380,230,312,82
rd-agent,coverup_scoped,45.0,ldh_lines,4267,230,455,225
rd-agent,coverup_scoped,45.0,ldh_branches,1782,120,202,82
rd-agent,coverup_scoped,45.0,project_lines,22860,4760,5365,605
rd-agent,coverup_scoped,45.0,project_branches,6380,230,442,212
rd-agent,coverup_scoped,60.0,ldh_lines,4267,230,519,289
rd-agent,coverup_scoped,60.0,ldh_branches,1782,120,232,112
rd-agent,coverup_scoped,60.0,project_lines,22860,4760,5526,766
rd-agent,coverup_scoped,60.0,project_branches,6380,230,520,290
rd-agent,coverup_scoped,75.0,ldh_lines,4267,230,611,381
rd-agent,coverup_scoped,75.0,ldh_branches,1782,120,251,131
rd-agent,coverup_scoped,75.0,project_lines,22860,4760,5684,924
rd-agent,coverup_scoped,75.0,project_branches,6380,230,561,331
rd-agent,coverup_scoped,90.0,ldh_lines,4267,230,728,498
rd-agent,coverup_scoped,90.0,ldh_branches,1782,120,300,180
rd-agent,coverup_scoped,90.0,project_lines,22860,4760,5982,1222
rd-agent,coverup_scoped,90.0,project_branches,6380,230,666,436
rd-agent,coverup_scoped,105.0,ldh_lines,4267,230,815,585
rd-agent,coverup_scoped,105.0,ldh_branches,1782,120,332,212
rd-agent,coverup_scoped,105.0,project_lines,22860,4760,6118,1358
rd-agent,coverup_scoped,105.0,project_branches,6380,230,712,482
rd-agent,coverup_scoped,120.0,ldh_lines,4267,230,897,667
rd-agent,coverup_scoped,120.0,ldh_branches,1782,120,359,239
rd-agent,coverup_scoped,120.0,project_lines,22860,4760,6291,1531
rd-agent,coverup_scoped,120.0,project_branches,6380,230,782,552
rd-agent,ours,0.0,ldh_lines,4267,230,230,0
rd-agent,ours,0.0,ldh_branches,1782,120,120,0
rd-agent,ours,0.0,project_lines,22860,4760,4760,0
rd-agent,ours,0.0,project_branches,6380,230,230,0
rd-agent,ours,15.0,ldh_lines,4267,230,421,191
rd-agent,ours,15.0,ldh_branches,1782,120,203,83
rd-agent,ours,15.0,project_lines,22860,4760,5430,670
rd-agent,ours,15.0,project_branches,6380,230,490,260
rd-agent,ours,30.0,ldh_lines,4267,230,611,381
rd-agent,ours,30.0,ldh_branches,1782,120,270,150
rd-agent,ours,30.0,project_lines,22860,4760,5942,1182
rd-agent,ours,30.0,project_branches,6380,230,680,450
rd-agent,ours,45.0,ldh_lines,4267,230,810,580
rd-agent,ours,45.0,ldh_branches,1782,120,358,238
rd-agent,ours,45.0,project_lines,22860,4760,6494,1734
rd-agent,ours,45.0,project_branches,6380,230,850,620
rd-agent,ours,60.0,ldh_lines,4267,230,903,673
rd-agent,ours,60.0,ldh_branches,1782,120,394,274
rd-agent,ours,60.0,project_lines,22860,4760,6754,1994
rd-agent,ours,60.0,project_branches,6380,230,940,710
rd-agent,ours,75.0,ldh_lines,4267,230,1108,878
rd-agent,ours,75.0,ldh_branches,1782,120,467,347
rd-agent,ours,75.0,project_lines,22860,4760,7080,2320
rd-agent,ours,75.0,project_branches,6380,230,1057,827
rd-agent,ours,90.0,ldh_lines,4267,230,1277,1047
rd-agent,ours,90.0,ldh_branches,1782,120,547,427
rd-agent,ours,90.0,project_lines,22860,4760,7373,2613
rd-agent,ours,90.0,project_branches,6380,230,1186,956
rd-agent,ours,105.0,ldh_lines,4267,230,1387,1157
rd-agent,ours,105.0,ldh_branches,1782,120,606,486
rd-agent,ours,105.0,project_lines,22860,4760,7568,2808
rd-agent,ours,105.0,project_branches,6380,230,1281,1051
rd-agent,ours,120.0,ldh_lines,4267,230,1521,1291
rd-agent,ours,120.0,ldh_branches,1782,120,664,544
rd-agent,ours,120.0,project_lines,22860,4760,7876,3116
rd-agent,ours,120.0,project_branches,6380,230,1416,1186
rd-agent,testtailor_general,0.0,ldh_lines,4267,230,230,0
rd-agent,testtailor_general,0.0,ldh_branches,1782,120,120,0
rd-agent,testtailor_general,0.0,project_lines,22860,4760,4760,0
rd-agent,testtailor_general,0.0,project_branches,6380,230,230,0
rd-agent,testtailor_general,15.0,ldh_lines,4267,230,262,32
rd-agent,testtailor_general,15.0,ldh_branches,1782,120,126,6
rd-agent,testtailor_general,15.0,project_lines,22860,4760,5149,389
rd-agent,testtailor_general,15.0,project_branches,6380,230,282,52
rd-agent,testtailor_general,30.0,ldh_lines,4267,230,284,54
rd-agent,testtailor_general,30.0,ldh_branches,1782,120,132,12
rd-agent,testtailor_general,30.0,project_lines,22860,4760,5231,471
rd-agent,testtailor_general,30.0,project_branches,6380,230,314,84
rd-agent,testtailor_general,45.0,ldh_lines,4267,230,297,67
rd-agent,testtailor_general,45.0,ldh_branches,1782,120,133,13
rd-agent,testtailor_general,45.0,project_lines,22860,4760,5406,646
rd-agent,testtailor_general,45.0,project_branches,6380,230,321,91
rd-agent,testtailor_general,60.0,ldh_lines,4267,230,313,83
rd-agent,testtailor_general,60.0,ldh_branches,1782,120,133,13
rd-agent,testtailor_general,60.0,project_lines,22860,4760,5486,726
rd-agent,testtailor_general,60.0,project_branches,6380,230,324,94
rd-agent,testtailor_general,75.0,ldh_lines,4267,230,313,83
rd-agent,testtailor_general,75.0,ldh_branches,1782,120,133,13
rd-agent,testtailor_general,75.0,project_lines,22860,4760,5546,786
rd-agent,testtailor_general,75.0,project_branches,6380,230,333,103
rd-agent,testtailor_general,90.0,ldh_lines,4267,230,335,105
rd-agent,testtailor_general,90.0,ldh_branches,1782,120,133,13
rd-agent,testtailor_general,90.0,project_lines,22860,4760,5672,912
rd-agent,testtailor_general,90.0,project_branches,6380,230,350,120
rd-agent,testtailor_general,105.0,ldh_lines,4267,230,335,105
rd-agent,testtailor_general,105.0,ldh_branches,1782,120,133,13
rd-agent,testtailor_general,105.0,project_lines,22860,4760,5738,978
rd-agent,testtailor_general,105.0,project_branches,6380,230,352,122
rd-agent,testtailor_general,120.0,ldh_lines,4267,230,375,145
rd-agent,testtailor_general,120.0,ldh_branches,1782,120,145,25
rd-agent,testtailor_general,120.0,project_lines,22860,4760,5961,1201
rd-agent,testtailor_general,120.0,project_branches,6380,230,383,153
rd-agent,testtailor_scoped,0.0,ldh_lines,4267,230,230,0
rd-agent,testtailor_scoped,0.0,ldh_branches,1782,120,120,0
rd-agent,testtailor_scoped,0.0,project_lines,22860,4760,4760,0
rd-agent,testtailor_scoped,0.0,project_branches,6380,230,230,0
rd-agent,testtailor_scoped,15.0,ldh_lines,4267,230,268,38
rd-agent,testtailor_scoped,15.0,ldh_branches,1782,120,129,9
rd-agent,testtailor_scoped,15.0,project_lines,22860,4760,5089,329
rd-agent,testtailor_scoped,15.0,project_branches,6380,230,297,67
rd-agent,testtailor_scoped,30.0,ldh_lines,4267,230,291,61
rd-agent,testtailor_scoped,30.0,ldh_branches,1782,120,130,10
rd-agent,testtailor_scoped,30.0,project_lines,22860,4760,5231,471
rd-agent,testtailor_scoped,30.0,project_branches,6380,230,306,76
rd-agent,testtailor_scoped,45.0,ldh_lines,4267,230,346,116
rd-agent,testtailor_scoped,45.0,ldh_branches,1782,120,137,17
rd-agent,testtailor_scoped,45.0,project_lines,22860,4760,5352,592
rd-agent,testtailor_scoped,45.0,project_branches,6380,230,317,87
rd-agent,testtailor_scoped,60.0,ldh_lines,4267,230,353,123
rd-agent,testtailor_scoped,60.0,ldh_branches,1782,120,139,19
rd-agent,testtailor_scoped,60.0,project_lines,22860,4760,5385,625
rd-agent,testtailor_scoped,60.0,project_branches,6380,230,325,95
rd-agent,testtailor_scoped,75.0,ldh_lines,4267,230,380,150
rd-agent,testtailor_scoped,75.0,ldh_branches,1782,120,146,26
rd-agent,testtailor_scoped,75.0,project_lines,22860,4760,5440,680
rd-agent,testtailor_scoped,75.0,project_branches,6380,230,340,110
rd-agent,testtailor_scoped,90.0,ldh_lines,4267,230,430,200
rd-agent,testtailor_scoped,90.0,ldh_branches,1782,120,154,34
rd-agent,testtailor_scoped,90.0,project_lines,22860,4760,5547,787
rd-agent,testtailor_scoped,90.0,project_branches,6380,230,360,130
rd-agent,testtailor_scoped,105.0,ldh_lines,4267,230,481,251
rd-agent,testtailor_scoped,105.0,ldh_branches,1782,120,161,41
rd-agent,testtailor_scoped,105.0,project_lines,22860,4760,5638,878
rd-agent,testtailor_scoped,105.0,project_branches,6380,230,375,145
rd-agent,testtailor_scoped,120.0,ldh_lines,4267,230,499,269
rd-agent,testtailor_scoped,120.0,ldh_branches,1782,120,164,44
rd-agent,testtailor_scoped,120.0,project_lines,22860,4760,5665,905
rd-agent,testtailor_scoped,120.0,project_branches,6380,230,381,151
rd-agent,strict_agnostic,0,ldh_lines,4267,230,230,0
rd-agent,strict_agnostic,0,ldh_branches,1782,120,120,0
rd-agent,strict_agnostic,0,project_lines,22860,4760,4760,0
rd-agent,strict_agnostic,0,project_branches,6380,230,230,0
rd-agent,strict_agnostic,15,ldh_lines,4267,230,326,96
rd-agent,strict_agnostic,15,ldh_branches,1782,120,150,30
rd-agent,strict_agnostic,15,project_lines,22860,4760,5039,279
rd-agent,strict_agnostic,15,project_branches,6380,230,301,71
rd-agent,strict_agnostic,30,ldh_lines,4267,230,440,210
rd-agent,strict_agnostic,30,ldh_branches,1782,120,196,76
rd-agent,strict_agnostic,30,project_lines,22860,4760,5285,525
rd-agent,strict_agnostic,30,project_branches,6380,230,410,180
rd-agent,strict_agnostic,45,ldh_lines,4267,230,467,237
rd-agent,strict_agnostic,45,ldh_branches,1782,120,208,88
rd-agent,strict_agnostic,45,project_lines,22860,4760,5405,645
rd-agent,strict_agnostic,45,project_branches,6380,230,452,222
rd-agent,strict_agnostic,60,ldh_lines,4267,230,551,321
rd-agent,strict_agnostic,60,ldh_branches,1782,120,233,113
rd-agent,strict_agnostic,60,project_lines,22860,4760,5538,778
rd-agent,strict_agnostic,60,project_branches,6380,230,497,267
rd-agent,strict_agnostic,75,ldh_lines,4267,230,551,321
rd-agent,strict_agnostic,75,ldh_branches,1782,120,233,113
rd-agent,strict_agnostic,75,project_lines,22860,4760,5580,820
rd-agent,strict_agnostic,75,project_branches,6380,230,519,289
rd-agent,strict_agnostic,90,ldh_lines,4267,230,551,321
rd-agent,strict_agnostic,90,ldh_branches,1782,120,233,113
rd-agent,strict_agnostic,90,project_lines,22860,4760,5580,820
rd-agent,strict_agnostic,90,project_branches,6380,230,519,289
rd-agent,strict_agnostic,105,ldh_lines,4267,230,569,339
rd-agent,strict_agnostic,105,ldh_branches,1782,120,237,117
rd-agent,strict_agnostic,105,project_lines,22860,4760,5620,860
rd-agent,strict_agnostic,105,project_branches,6380,230,528,298
rd-agent,strict_agnostic,120,ldh_lines,4267,230,643,413
rd-agent,strict_agnostic,120,ldh_branches,1782,120,270,150
rd-agent,strict_agnostic,120,project_lines,22860,4760,5831,1071
rd-agent,strict_agnostic,120,project_branches,6380,230,576,346
openclaw,ours,0.0,ldh_lines,53119,30137,30137,0
openclaw,ours,0.0,ldh_branches,51156,25857,25857,0
openclaw,ours,0.0,project_lines,227216,135737,135737,0
openclaw,ours,0.0,project_branches,186371,95593,95593,0
openclaw,ours,15.0,ldh_lines,53119,30137,30145,8
openclaw,ours,15.0,ldh_branches,51156,25857,25867,10
openclaw,ours,15.0,project_lines,227216,135737,135755,18
openclaw,ours,15.0,project_branches,186371,95593,95611,18
openclaw,ours,30.0,ldh_lines,53119,30137,30381,244
openclaw,ours,30.0,ldh_branches,51156,25857,26020,163
openclaw,ours,30.0,project_lines,227216,135737,136126,389
openclaw,ours,30.0,project_branches,186371,95593,95871,278
openclaw,ours,45.0,ldh_lines,53119,30137,30450,313
openclaw,ours,45.0,ldh_branches,51156,25857,26070,213
openclaw,ours,45.0,project_lines,227216,135737,136238,501
openclaw,ours,45.0,project_branches,186371,95593,95955,362
openclaw,ours,60.0,ldh_lines,53119,30137,30560,423
openclaw,ours,60.0,ldh_branches,51156,25857,26150,293
openclaw,ours,60.0,project_lines,227216,135737,136401,664
openclaw,ours,60.0,project_branches,186371,95593,96075,482
openclaw,ours,75.0,ldh_lines,53119,30137,30751,614
openclaw,ours,75.0,ldh_branches,51156,25857,26281,424
openclaw,ours,75.0,project_lines,227216,135737,136694,957
openclaw,ours,75.0,project_branches,186371,95593,96235,642
openclaw,ours,90.0,ldh_lines,53119,30137,30793,656
openclaw,ours,90.0,ldh_branches,51156,25857,26376,519
openclaw,ours,90.0,project_lines,227216,135737,136789,1052
openclaw,ours,90.0,project_branches,186371,95593,96358,765
openclaw,ours,105.0,ldh_lines,53119,30137,30844,707
openclaw,ours,105.0,ldh_branches,51156,25857,26412,555
openclaw,ours,105.0,project_lines,227216,135737,136847,1110
openclaw,ours,105.0,project_branches,186371,95593,96400,807
openclaw,ours,120.0,ldh_lines,53119,30137,30844,707
openclaw,ours,120.0,ldh_branches,51156,25857,26414,557
openclaw,ours,120.0,project_lines,227216,135737,136943,1206
openclaw,ours,120.0,project_branches,186371,95593,96484,891
openclaw,qodo_general,0.0,ldh_lines,53119,30137,30137,0
openclaw,qodo_general,0.0,ldh_branches,51156,25857,25857,0
openclaw,qodo_general,0.0,project_lines,227216,135737,135737,0
openclaw,qodo_general,0.0,project_branches,186371,95593,95593,0
openclaw,qodo_general,15.0,ldh_lines,53119,30137,30137,0
openclaw,qodo_general,15.0,ldh_branches,51156,25857,25857,0
openclaw,qodo_general,15.0,project_lines,227216,135737,135737,0
openclaw,qodo_general,15.0,project_branches,186371,95593,95593,0
openclaw,qodo_general,30.0,ldh_lines,53119,30137,30149,12
openclaw,qodo_general,30.0,ldh_branches,51156,25857,25867,10
openclaw,qodo_general,30.0,project_lines,227216,135737,135752,15
openclaw,qodo_general,30.0,project_branches,186371,95593,95606,13
openclaw,qodo_general,45.0,ldh_lines,53119,30137,30269,132
openclaw,qodo_general,45.0,ldh_branches,51156,25857,25946,89
openclaw,qodo_general,45.0,project_lines,227216,135737,136071,334
openclaw,qodo_general,45.0,project_branches,186371,95593,95838,245
openclaw,qodo_general,60.0,ldh_lines,53119,30137,30311,174
openclaw,qodo_general,60.0,ldh_branches,51156,25857,25972,115
openclaw,qodo_general,60.0,project_lines,227216,135737,136162,425
openclaw,qodo_general,60.0,project_branches,186371,95593,95895,302
openclaw,qodo_general,75.0,ldh_lines,53119,30137,30406,269
openclaw,qodo_general,75.0,ldh_branches,51156,25857,26069,212
openclaw,qodo_general,75.0,project_lines,227216,135737,136327,590
openclaw,qodo_general,75.0,project_branches,186371,95593,96008,415
openclaw,qodo_general,90.0,ldh_lines,53119,30137,30443,306
openclaw,qodo_general,90.0,ldh_branches,51156,25857,26131,274
openclaw,qodo_general,90.0,project_lines,227216,135737,136410,673
openclaw,qodo_general,90.0,project_branches,186371,95593,96092,499
openclaw,qodo_general,105.0,ldh_lines,53119,30137,30493,356
openclaw,qodo_general,105.0,ldh_branches,51156,25857,26169,312
openclaw,qodo_general,105.0,project_lines,227216,135737,136498,761
openclaw,qodo_general,105.0,project_branches,186371,95593,96164,571
openclaw,qodo_general,120.0,ldh_lines,53119,30137,30493,356
openclaw,qodo_general,120.0,ldh_branches,51156,25857,26169,312
openclaw,qodo_general,120.0,project_lines,227216,135737,136527,790
openclaw,qodo_general,120.0,project_branches,186371,95593,96195,602
openclaw,qodo_scoped,0.0,ldh_lines,53119,30137,30137,0
openclaw,qodo_scoped,0.0,ldh_branches,51156,25857,25857,0
openclaw,qodo_scoped,0.0,project_lines,227216,135737,135737,0
openclaw,qodo_scoped,0.0,project_branches,186371,95593,95593,0
openclaw,qodo_scoped,15.0,ldh_lines,53119,30137,30137,0
openclaw,qodo_scoped,15.0,ldh_branches,51156,25857,25857,0
openclaw,qodo_scoped,15.0,project_lines,227216,135737,135737,0
openclaw,qodo_scoped,15.0,project_branches,186371,95593,95593,0
openclaw,qodo_scoped,30.0,ldh_lines,53119,30137,30300,163
openclaw,qodo_scoped,30.0,ldh_branches,51156,25857,25955,98
openclaw,qodo_scoped,30.0,project_lines,227216,135737,135935,198
openclaw,qodo_scoped,30.0,project_branches,186371,95593,95702,109
openclaw,qodo_scoped,45.0,ldh_lines,53119,30137,30347,210
openclaw,qodo_scoped,45.0,ldh_branches,51156,25857,25982,125
openclaw,qodo_scoped,45.0,project_lines,227216,135737,136032,295
openclaw,qodo_scoped,45.0,project_branches,186371,95593,95758,165
openclaw,qodo_scoped,60.0,ldh_lines,53119,30137,30404,267
openclaw,qodo_scoped,60.0,ldh_branches,51156,25857,26025,168
openclaw,qodo_scoped,60.0,project_lines,227216,135737,136157,420
openclaw,qodo_scoped,60.0,project_branches,186371,95593,95820,227
openclaw,qodo_scoped,75.0,ldh_lines,53119,30137,30495,358
openclaw,qodo_scoped,75.0,ldh_branches,51156,25857,26136,279
openclaw,qodo_scoped,75.0,project_lines,227216,135737,136322,585
openclaw,qodo_scoped,75.0,project_branches,186371,95593,95978,385
openclaw,qodo_scoped,90.0,ldh_lines,53119,30137,30495,358
openclaw,qodo_scoped,90.0,ldh_branches,51156,25857,26139,282
openclaw,qodo_scoped,90.0,project_lines,227216,135737,136387,650
openclaw,qodo_scoped,90.0,project_branches,186371,95593,96020,427
openclaw,qodo_scoped,105.0,ldh_lines,53119,30137,30533,396
openclaw,qodo_scoped,105.0,ldh_branches,51156,25857,26165,308
openclaw,qodo_scoped,105.0,project_lines,227216,135737,136467,730
openclaw,qodo_scoped,105.0,project_branches,186371,95593,96079,486
openclaw,qodo_scoped,120.0,ldh_lines,53119,30137,30534,397
openclaw,qodo_scoped,120.0,ldh_branches,51156,25857,26165,308
openclaw,qodo_scoped,120.0,project_lines,227216,135737,136546,809
openclaw,qodo_scoped,120.0,project_branches,186371,95593,96142,549
openclaw,testpilot2_general,0.0,ldh_lines,53119,30137,30137,0
openclaw,testpilot2_general,0.0,ldh_branches,51156,25857,25857,0
openclaw,testpilot2_general,0.0,project_lines,227216,135737,135737,0
openclaw,testpilot2_general,0.0,project_branches,186371,95593,95593,0
openclaw,testpilot2_general,15.0,ldh_lines,53119,30137,30157,20
openclaw,testpilot2_general,15.0,ldh_branches,51156,25857,25857,0
openclaw,testpilot2_general,15.0,project_lines,227216,135737,135765,28
openclaw,testpilot2_general,15.0,project_branches,186371,95593,95593,0
openclaw,testpilot2_general,30.0,ldh_lines,53119,30137,30166,29
openclaw,testpilot2_general,30.0,ldh_branches,51156,25857,25857,0
openclaw,testpilot2_general,30.0,project_lines,227216,135737,135774,37
openclaw,testpilot2_general,30.0,project_branches,186371,95593,95593,0
openclaw,testpilot2_general,45.0,ldh_lines,53119,30137,30197,60
openclaw,testpilot2_general,45.0,ldh_branches,51156,25857,25857,0
openclaw,testpilot2_general,45.0,project_lines,227216,135737,135848,111
openclaw,testpilot2_general,45.0,project_branches,186371,95593,95597,4
openclaw,testpilot2_general,60.0,ldh_lines,53119,30137,30322,185
openclaw,testpilot2_general,60.0,ldh_branches,51156,25857,25857,0
openclaw,testpilot2_general,60.0,project_lines,227216,135737,136051,314
openclaw,testpilot2_general,60.0,project_branches,186371,95593,95636,43
openclaw,testpilot2_general,75.0,ldh_lines,53119,30137,30344,207
openclaw,testpilot2_general,75.0,ldh_branches,51156,25857,25857,0
openclaw,testpilot2_general,75.0,project_lines,227216,135737,136096,359
openclaw,testpilot2_general,75.0,project_branches,186371,95593,95637,44
openclaw,testpilot2_general,90.0,ldh_lines,53119,30137,30344,207
openclaw,testpilot2_general,90.0,ldh_branches,51156,25857,25857,0
openclaw,testpilot2_general,90.0,project_lines,227216,135737,136125,388
openclaw,testpilot2_general,90.0,project_branches,186371,95593,95637,44
openclaw,testpilot2_general,105.0,ldh_lines,53119,30137,30357,220
openclaw,testpilot2_general,105.0,ldh_branches,51156,25857,25857,0
openclaw,testpilot2_general,105.0,project_lines,227216,135737,136190,453
openclaw,testpilot2_general,105.0,project_branches,186371,95593,95649,56
openclaw,testpilot2_general,120.0,ldh_lines,53119,30137,30358,221
openclaw,testpilot2_general,120.0,ldh_branches,51156,25857,25857,0
openclaw,testpilot2_general,120.0,project_lines,227216,135737,136267,530
openclaw,testpilot2_general,120.0,project_branches,186371,95593,95649,56
openclaw,testpilot2_scoped,0,ldh_lines,53119,30137,30137,0
openclaw,testpilot2_scoped,0,ldh_branches,51156,25857,25857,0
openclaw,testpilot2_scoped,0,project_lines,227216,135737,135737,0
openclaw,testpilot2_scoped,0,project_branches,186371,95593,95593,0
openclaw,testpilot2_scoped,15,ldh_lines,53119,30137,30177,40
openclaw,testpilot2_scoped,15,ldh_branches,51156,25857,25857,0
openclaw,testpilot2_scoped,15,project_lines,227216,135737,135788,51
openclaw,testpilot2_scoped,15,project_branches,186371,95593,95605,12
openclaw,testpilot2_scoped,30,ldh_lines,53119,30137,30225,88
openclaw,testpilot2_scoped,30,ldh_branches,51156,25857,25857,0
openclaw,testpilot2_scoped,30,project_lines,227216,135737,135996,259
openclaw,testpilot2_scoped,30,project_branches,186371,95593,95613,20
openclaw,testpilot2_scoped,45,ldh_lines,53119,30137,30327,190
openclaw,testpilot2_scoped,45,ldh_branches,51156,25857,25857,0
openclaw,testpilot2_scoped,45,project_lines,227216,135737,136199,462
openclaw,testpilot2_scoped,45,project_branches,186371,95593,95627,34
openclaw,testpilot2_scoped,60,ldh_lines,53119,30137,30375,238
openclaw,testpilot2_scoped,60,ldh_branches,51156,25857,25857,0
openclaw,testpilot2_scoped,60,project_lines,227216,135737,136287,550
openclaw,testpilot2_scoped,60,project_branches,186371,95593,95636,43
openclaw,testpilot2_scoped,75,ldh_lines,53119,30137,30387,250
openclaw,testpilot2_scoped,75,ldh_branches,51156,25857,25857,0
openclaw,testpilot2_scoped,75,project_lines,227216,135737,136324,587
openclaw,testpilot2_scoped,75,project_branches,186371,95593,95638,45
openclaw,testpilot2_scoped,90,ldh_lines,53119,30137,30396,259
openclaw,testpilot2_scoped,90,ldh_branches,51156,25857,25857,0
openclaw,testpilot2_scoped,90,project_lines,227216,135737,136352,615
openclaw,testpilot2_scoped,90,project_branches,186371,95593,95639,46
openclaw,testpilot2_scoped,105,ldh_lines,53119,30137,30459,322
openclaw,testpilot2_scoped,105,ldh_branches,51156,25857,25857,0
openclaw,testpilot2_scoped,105,project_lines,227216,135737,136452,715
openclaw,testpilot2_scoped,105,project_branches,186371,95593,95641,48
openclaw,testpilot2_scoped,120,ldh_lines,53119,30137,30459,322
openclaw,testpilot2_scoped,120,ldh_branches,51156,25857,25857,0
openclaw,testpilot2_scoped,120,project_lines,227216,135737,136459,722
openclaw,testpilot2_scoped,120,project_branches,186371,95593,95641,48
openclaw,strict_agnostic,0,ldh_lines,53119,30137,30137,0
openclaw,strict_agnostic,0,ldh_branches,51156,25857,25857,0
openclaw,strict_agnostic,0,project_lines,227216,135737,135737,0
openclaw,strict_agnostic,0,project_branches,186371,95593,95593,0
openclaw,strict_agnostic,15,ldh_lines,53119,30137,30137,0
openclaw,strict_agnostic,15,ldh_branches,51156,25857,25857,0
openclaw,strict_agnostic,15,project_lines,227216,135737,135737,0
openclaw,strict_agnostic,15,project_branches,186371,95593,95593,0
openclaw,strict_agnostic,30,ldh_lines,53119,30137,30337,200
openclaw,strict_agnostic,30,ldh_branches,51156,25857,25975,118
openclaw,strict_agnostic,30,project_lines,227216,135737,135959,222
openclaw,strict_agnostic,30,project_branches,186371,95593,95727,134
openclaw,strict_agnostic,45,ldh_lines,53119,30137,30337,200
openclaw,strict_agnostic,45,ldh_branches,51156,25857,25975,118
openclaw,strict_agnostic,45,project_lines,227216,135737,135959,222
openclaw,strict_agnostic,45,project_branches,186371,95593,95727,134
openclaw,strict_agnostic,60,ldh_lines,53119,30137,30338,201
openclaw,strict_agnostic,60,ldh_branches,51156,25857,25979,122
openclaw,strict_agnostic,60,project_lines,227216,135737,136053,316
openclaw,strict_agnostic,60,project_branches,186371,95593,95817,224
openclaw,strict_agnostic,75,ldh_lines,53119,30137,30339,202
openclaw,strict_agnostic,75,ldh_branches,51156,25857,25980,123
openclaw,strict_agnostic,75,project_lines,227216,135737,136056,319
openclaw,strict_agnostic,75,project_branches,186371,95593,95820,227
openclaw,strict_agnostic,90,ldh_lines,53119,30137,30339,202
openclaw,strict_agnostic,90,ldh_branches,51156,25857,25980,123
openclaw,strict_agnostic,90,project_lines,227216,135737,136056,319
openclaw,strict_agnostic,90,project_branches,186371,95593,95820,227
openclaw,strict_agnostic,105,ldh_lines,53119,30137,30402,265
openclaw,strict_agnostic,105,ldh_branches,51156,25857,26031,174
openclaw,strict_agnostic,105,project_lines,227216,135737,136178,441
openclaw,strict_agnostic,105,project_branches,186371,95593,95885,292
openclaw,strict_agnostic,120,ldh_lines,53119,30137,30402,265
openclaw,strict_agnostic,120,ldh_branches,51156,25857,26031,174
openclaw,strict_agnostic,120,project_lines,227216,135737,136178,441
openclaw,strict_agnostic,120,project_branches,186371,95593,95885,292
roo-code,ours,0.0,ldh_lines,6785,4623,4623,0
roo-code,ours,0.0,ldh_branches,5798,3605,3605,0
roo-code,ours,0.0,project_lines,38366,21995,21995,0
roo-code,ours,0.0,project_branches,28349,13775,13775,0
roo-code,ours,15.0,ldh_lines,6785,4623,4705,82
roo-code,ours,15.0,ldh_branches,5798,3605,3675,70
roo-code,ours,15.0,project_lines,38366,21995,22138,143
roo-code,ours,15.0,project_branches,28349,13775,13881,106
roo-code,ours,30.0,ldh_lines,6785,4623,4774,151
roo-code,ours,30.0,ldh_branches,5798,3605,3733,128
roo-code,ours,30.0,project_lines,38366,21995,22283,288
roo-code,ours,30.0,project_branches,28349,13775,13995,220
roo-code,ours,45.0,ldh_lines,6785,4623,4900,277
roo-code,ours,45.0,ldh_branches,5798,3605,3859,254
roo-code,ours,45.0,project_lines,38366,21995,22496,501
roo-code,ours,45.0,project_branches,28349,13775,14195,420
roo-code,ours,60.0,ldh_lines,6785,4623,4975,352
roo-code,ours,60.0,ldh_branches,5798,3605,3913,308
roo-code,ours,60.0,project_lines,38366,21995,22674,679
roo-code,ours,60.0,project_branches,28349,13775,14301,526
roo-code,ours,75.0,ldh_lines,6785,4623,5054,431
roo-code,ours,75.0,ldh_branches,5798,3605,3971,366
roo-code,ours,75.0,project_lines,38366,21995,22776,781
roo-code,ours,75.0,project_branches,28349,13775,14372,597
roo-code,ours,90.0,ldh_lines,6785,4623,5100,477
roo-code,ours,90.0,ldh_branches,5798,3605,4001,396
roo-code,ours,90.0,project_lines,38366,21995,22968,973
roo-code,ours,90.0,project_branches,28349,13775,14476,701
roo-code,ours,105.0,ldh_lines,6785,4623,5164,541
roo-code,ours,105.0,ldh_branches,5798,3605,4034,429
roo-code,ours,105.0,project_lines,38366,21995,23121,1126
roo-code,ours,105.0,project_branches,28349,13775,14571,796
roo-code,ours,120.0,ldh_lines,6785,4623,5229,606
roo-code,ours,120.0,ldh_branches,5798,3605,4076,471
roo-code,ours,120.0,project_lines,38366,21995,23215,1220
roo-code,ours,120.0,project_branches,28349,13775,14662,887
roo-code,qodo_general,0.0,ldh_lines,6785,4623,4623,0
roo-code,qodo_general,0.0,ldh_branches,5798,3605,3605,0
roo-code,qodo_general,0.0,project_lines,38366,21995,21995,0
roo-code,qodo_general,0.0,project_branches,28349,13775,13775,0
roo-code,qodo_general,15.0,ldh_lines,6785,4623,4633,10
roo-code,qodo_general,15.0,ldh_branches,5798,3605,3611,6
roo-code,qodo_general,15.0,project_lines,38366,21995,22028,33
roo-code,qodo_general,15.0,project_branches,28349,13775,13793,18
roo-code,qodo_general,30.0,ldh_lines,6785,4623,4687,64
roo-code,qodo_general,30.0,ldh_branches,5798,3605,3672,67
roo-code,qodo_general,30.0,project_lines,38366,21995,22110,115
roo-code,qodo_general,30.0,project_branches,28349,13775,13866,91
roo-code,qodo_general,45.0,ldh_lines,6785,4623,4698,75
roo-code,qodo_general,45.0,ldh_branches,5798,3605,3677,72
roo-code,qodo_general,45.0,project_lines,38366,21995,22222,227
roo-code,qodo_general,45.0,project_branches,28349,13775,13975,200
roo-code,qodo_general,60.0,ldh_lines,6785,4623,4709,86
roo-code,qodo_general,60.0,ldh_branches,5798,3605,3699,94
roo-code,qodo_general,60.0,project_lines,38366,21995,22284,289
roo-code,qodo_general,60.0,project_branches,28349,13775,14019,244
roo-code,qodo_general,75.0,ldh_lines,6785,4623,4709,86
roo-code,qodo_general,75.0,ldh_branches,5798,3605,3699,94
roo-code,qodo_general,75.0,project_lines,38366,21995,22337,342
roo-code,qodo_general,75.0,project_branches,28349,13775,14064,289
roo-code,qodo_general,90.0,ldh_lines,6785,4623,4730,107
roo-code,qodo_general,90.0,ldh_branches,5798,3605,3712,107
roo-code,qodo_general,90.0,project_lines,38366,21995,22425,430
roo-code,qodo_general,90.0,project_branches,28349,13775,14113,338
roo-code,qodo_general,105.0,ldh_lines,6785,4623,4730,107
roo-code,qodo_general,105.0,ldh_branches,5798,3605,3712,107
roo-code,qodo_general,105.0,project_lines,38366,21995,22482,487
roo-code,qodo_general,105.0,project_branches,28349,13775,14127,352
roo-code,qodo_general,120.0,ldh_lines,6785,4623,4737,114
roo-code,qodo_general,120.0,ldh_branches,5798,3605,3717,112
roo-code,qodo_general,120.0,project_lines,38366,21995,22745,750
roo-code,qodo_general,120.0,project_branches,28349,13775,14301,526
roo-code,qodo_scoped,0.0,ldh_lines,6785,4623,4623,0
roo-code,qodo_scoped,0.0,ldh_branches,5798,3605,3605,0
roo-code,qodo_scoped,0.0,project_lines,38366,21995,21995,0
roo-code,qodo_scoped,0.0,project_branches,28349,13775,13775,0
roo-code,qodo_scoped,15.0,ldh_lines,6785,4623,4649,26
roo-code,qodo_scoped,15.0,ldh_branches,5798,3605,3622,17
roo-code,qodo_scoped,15.0,project_lines,38366,21995,22047,52
roo-code,qodo_scoped,15.0,project_branches,28349,13775,13808,33
roo-code,qodo_scoped,30.0,ldh_lines,6785,4623,4706,83
roo-code,qodo_scoped,30.0,ldh_branches,5798,3605,3669,64
roo-code,qodo_scoped,30.0,project_lines,38366,21995,22187,192
roo-code,qodo_scoped,30.0,project_branches,28349,13775,13902,127
roo-code,qodo_scoped,45.0,ldh_lines,6785,4623,4736,113
roo-code,qodo_scoped,45.0,ldh_branches,5798,3605,3692,87
roo-code,qodo_scoped,45.0,project_lines,38366,21995,22299,304
roo-code,qodo_scoped,45.0,project_branches,28349,13775,13965,190
roo-code,qodo_scoped,60.0,ldh_lines,6785,4623,4866,243
roo-code,qodo_scoped,60.0,ldh_branches,5798,3605,3804,199
roo-code,qodo_scoped,60.0,project_lines,38366,21995,22473,478
roo-code,qodo_scoped,60.0,project_branches,28349,13775,14114,339
roo-code,qodo_scoped,75.0,ldh_lines,6785,4623,4866,243
roo-code,qodo_scoped,75.0,ldh_branches,5798,3605,3804,199
roo-code,qodo_scoped,75.0,project_lines,38366,21995,22563,568
roo-code,qodo_scoped,75.0,project_branches,28349,13775,14174,399
roo-code,qodo_scoped,90.0,ldh_lines,6785,4623,4939,316
roo-code,qodo_scoped,90.0,ldh_branches,5798,3605,3853,248
roo-code,qodo_scoped,90.0,project_lines,38366,21995,22713,718
roo-code,qodo_scoped,90.0,project_branches,28349,13775,14270,495
roo-code,qodo_scoped,105.0,ldh_lines,6785,4623,4974,351
roo-code,qodo_scoped,105.0,ldh_branches,5798,3605,3869,264
roo-code,qodo_scoped,105.0,project_lines,38366,21995,22790,795
roo-code,qodo_scoped,105.0,project_branches,28349,13775,14310,535
roo-code,qodo_scoped,120.0,ldh_lines,6785,4623,5048,425
roo-code,qodo_scoped,120.0,ldh_branches,5798,3605,3914,309
roo-code,qodo_scoped,120.0,project_lines,38366,21995,22883,888
roo-code,qodo_scoped,120.0,project_branches,28349,13775,14364,589
roo-code,testpilot2_general,0.0,ldh_lines,6785,4623,4623,0
roo-code,testpilot2_general,0.0,ldh_branches,5798,3605,3605,0
roo-code,testpilot2_general,0.0,project_lines,38366,21995,21995,0
roo-code,testpilot2_general,0.0,project_branches,28349,13775,13775,0
roo-code,testpilot2_general,15.0,ldh_lines,6785,4623,4623,0
roo-code,testpilot2_general,15.0,ldh_branches,5798,3605,3605,0
roo-code,testpilot2_general,15.0,project_lines,38366,21995,22091,96
roo-code,testpilot2_general,15.0,project_branches,28349,13775,13775,0
roo-code,testpilot2_general,30.0,ldh_lines,6785,4623,4623,0
roo-code,testpilot2_general,30.0,ldh_branches,5798,3605,3605,0
roo-code,testpilot2_general,30.0,project_lines,38366,21995,22111,116
roo-code,testpilot2_general,30.0,project_branches,28349,13775,13777,2
roo-code,testpilot2_general,45.0,ldh_lines,6785,4623,4623,0
roo-code,testpilot2_general,45.0,ldh_branches,5798,3605,3605,0
roo-code,testpilot2_general,45.0,project_lines,38366,21995,22153,158
roo-code,testpilot2_general,45.0,project_branches,28349,13775,13777,2
roo-code,testpilot2_general,60.0,ldh_lines,6785,4623,4631,8
roo-code,testpilot2_general,60.0,ldh_branches,5798,3605,3605,0
roo-code,testpilot2_general,60.0,project_lines,38366,21995,22232,237
roo-code,testpilot2_general,60.0,project_branches,28349,13775,13779,4
roo-code,testpilot2_general,75.0,ldh_lines,6785,4623,4631,8
roo-code,testpilot2_general,75.0,ldh_branches,5798,3605,3605,0
roo-code,testpilot2_general,75.0,project_lines,38366,21995,22265,270
roo-code,testpilot2_general,75.0,project_branches,28349,13775,13779,4
roo-code,testpilot2_general,90.0,ldh_lines,6785,4623,4631,8
roo-code,testpilot2_general,90.0,ldh_branches,5798,3605,3605,0
roo-code,testpilot2_general,90.0,project_lines,38366,21995,22290,295
roo-code,testpilot2_general,90.0,project_branches,28349,13775,13782,7
roo-code,testpilot2_general,105.0,ldh_lines,6785,4623,4631,8
roo-code,testpilot2_general,105.0,ldh_branches,5798,3605,3605,0
roo-code,testpilot2_general,105.0,project_lines,38366,21995,22305,310
roo-code,testpilot2_general,105.0,project_branches,28349,13775,13783,8
roo-code,testpilot2_general,120.0,ldh_lines,6785,4623,4631,8
roo-code,testpilot2_general,120.0,ldh_branches,5798,3605,3605,0
roo-code,testpilot2_general,120.0,project_lines,38366,21995,22311,316
roo-code,testpilot2_general,120.0,project_branches,28349,13775,13783,8
roo-code,testpilot2_scoped,0.0,ldh_lines,6785,4623,4623,0
roo-code,testpilot2_scoped,0.0,ldh_branches,5798,3605,3605,0
roo-code,testpilot2_scoped,0.0,project_lines,38366,21995,21995,0
roo-code,testpilot2_scoped,0.0,project_branches,28349,13775,13775,0
roo-code,testpilot2_scoped,15.0,ldh_lines,6785,4623,4634,11
roo-code,testpilot2_scoped,15.0,ldh_branches,5798,3605,3605,0
roo-code,testpilot2_scoped,15.0,project_lines,38366,21995,22018,23
roo-code,testpilot2_scoped,15.0,project_branches,28349,13775,13776,1
roo-code,testpilot2_scoped,30.0,ldh_lines,6785,4623,4635,12
roo-code,testpilot2_scoped,30.0,ldh_branches,5798,3605,3605,0
roo-code,testpilot2_scoped,30.0,project_lines,38366,21995,22020,25
roo-code,testpilot2_scoped,30.0,project_branches,28349,13775,13776,1
roo-code,testpilot2_scoped,45.0,ldh_lines,6785,4623,4641,18
roo-code,testpilot2_scoped,45.0,ldh_branches,5798,3605,3605,0
roo-code,testpilot2_scoped,45.0,project_lines,38366,21995,22030,35
roo-code,testpilot2_scoped,45.0,project_branches,28349,13775,13776,1
roo-code,testpilot2_scoped,60.0,ldh_lines,6785,4623,4641,18
roo-code,testpilot2_scoped,60.0,ldh_branches,5798,3605,3605,0
roo-code,testpilot2_scoped,60.0,project_lines,38366,21995,22031,36
roo-code,testpilot2_scoped,60.0,project_branches,28349,13775,13777,2
roo-code,testpilot2_scoped,75.0,ldh_lines,6785,4623,4641,18
roo-code,testpilot2_scoped,75.0,ldh_branches,5798,3605,3605,0
roo-code,testpilot2_scoped,75.0,project_lines,38366,21995,22031,36
roo-code,testpilot2_scoped,75.0,project_branches,28349,13775,13777,2
roo-code,testpilot2_scoped,90.0,ldh_lines,6785,4623,4643,20
roo-code,testpilot2_scoped,90.0,ldh_branches,5798,3605,3605,0
roo-code,testpilot2_scoped,90.0,project_lines,38366,21995,22043,48
roo-code,testpilot2_scoped,90.0,project_branches,28349,13775,13777,2
roo-code,testpilot2_scoped,105.0,ldh_lines,6785,4623,4655,32
roo-code,testpilot2_scoped,105.0,ldh_branches,5798,3605,3605,0
roo-code,testpilot2_scoped,105.0,project_lines,38366,21995,22055,60
roo-code,testpilot2_scoped,105.0,project_branches,28349,13775,13778,3
roo-code,testpilot2_scoped,120.0,ldh_lines,6785,4623,4656,33
roo-code,testpilot2_scoped,120.0,ldh_branches,5798,3605,3605,0
roo-code,testpilot2_scoped,120.0,project_lines,38366,21995,22056,61
roo-code,testpilot2_scoped,120.0,project_branches,28349,13775,13779,4
roo-code,strict_agnostic,0,ldh_lines,6785,4623,4623,0
roo-code,strict_agnostic,0,ldh_branches,5798,3605,3605,0
roo-code,strict_agnostic,0,project_lines,38366,21995,21995,0
roo-code,strict_agnostic,0,project_branches,28349,13775,13775,0
roo-code,strict_agnostic,15,ldh_lines,6785,4623,4634,11
roo-code,strict_agnostic,15,ldh_branches,5798,3605,3610,5
roo-code,strict_agnostic,15,project_lines,38366,21995,22025,30
roo-code,strict_agnostic,15,project_branches,28349,13775,13795,20
roo-code,strict_agnostic,30,ldh_lines,6785,4623,4634,11
roo-code,strict_agnostic,30,ldh_branches,5798,3605,3610,5
roo-code,strict_agnostic,30,project_lines,38366,21995,22029,34
roo-code,strict_agnostic,30,project_branches,28349,13775,13797,22
roo-code,strict_agnostic,45,ldh_lines,6785,4623,4660,37
roo-code,strict_agnostic,45,ldh_branches,5798,3605,3630,25
roo-code,strict_agnostic,45,project_lines,38366,21995,22087,92
roo-code,strict_agnostic,45,project_branches,28349,13775,13834,59
roo-code,strict_agnostic,60,ldh_lines,6785,4623,4672,49
roo-code,strict_agnostic,60,ldh_branches,5798,3605,3633,28
roo-code,strict_agnostic,60,project_lines,38366,21995,22111,116
roo-code,strict_agnostic,60,project_branches,28349,13775,13849,74
roo-code,strict_agnostic,75,ldh_lines,6785,4623,4690,67
roo-code,strict_agnostic,75,ldh_branches,5798,3605,3644,39
roo-code,strict_agnostic,75,project_lines,38366,21995,22129,134
roo-code,strict_agnostic,75,project_branches,28349,13775,13860,85
roo-code,strict_agnostic,90,ldh_lines,6785,4623,4690,67
roo-code,strict_agnostic,90,ldh_branches,5798,3605,3644,39
roo-code,strict_agnostic,90,project_lines,38366,21995,22129,134
roo-code,strict_agnostic,90,project_branches,28349,13775,13860,85
roo-code,strict_agnostic,105,ldh_lines,6785,4623,4690,67
roo-code,strict_agnostic,105,ldh_branches,5798,3605,3644,39
roo-code,strict_agnostic,105,project_lines,38366,21995,22129,134
roo-code,strict_agnostic,105,project_branches,28349,13775,13860,85
roo-code,strict_agnostic,120,ldh_lines,6785,4623,4811,188
roo-code,strict_agnostic,120,ldh_branches,5798,3605,3745,140
roo-code,strict_agnostic,120,project_lines,38366,21995,22287,292
roo-code,strict_agnostic,120,project_branches,28349,13775,13995,220
kimi-code,ours,0.0,ldh_lines,7101,6592,6592,0
kimi-code,ours,0.0,ldh_branches,5470,4545,4545,0
kimi-code,ours,0.0,project_lines,48255,34732,34732,0
kimi-code,ours,0.0,project_branches,33797,20704,20704,0
kimi-code,ours,15.0,ldh_lines,7101,6592,6593,1
kimi-code,ours,15.0,ldh_branches,5470,4545,4545,0
kimi-code,ours,15.0,project_lines,48255,34732,34928,196
kimi-code,ours,15.0,project_branches,33797,20704,20792,88
kimi-code,ours,30.0,ldh_lines,7101,6592,6614,22
kimi-code,ours,30.0,ldh_branches,5470,4545,4570,25
kimi-code,ours,30.0,project_lines,48255,34732,34982,250
kimi-code,ours,30.0,project_branches,33797,20704,20844,140
kimi-code,ours,45.0,ldh_lines,7101,6592,6670,78
kimi-code,ours,45.0,ldh_branches,5470,4545,4621,76
kimi-code,ours,45.0,project_lines,48255,34732,35086,354
kimi-code,ours,45.0,project_branches,33797,20704,20945,241
kimi-code,ours,60.0,ldh_lines,7101,6592,6696,104
kimi-code,ours,60.0,ldh_branches,5470,4545,4646,101
kimi-code,ours,60.0,project_lines,48255,34732,35157,425
kimi-code,ours,60.0,project_branches,33797,20704,21006,302
kimi-code,ours,75.0,ldh_lines,7101,6592,6721,129
kimi-code,ours,75.0,ldh_branches,5470,4545,4666,121
kimi-code,ours,75.0,project_lines,48255,34732,35233,501
kimi-code,ours,75.0,project_branches,33797,20704,21065,361
kimi-code,ours,90.0,ldh_lines,7101,6592,6750,158
kimi-code,ours,90.0,ldh_branches,5470,4545,4720,175
kimi-code,ours,90.0,project_lines,48255,34732,35311,579
kimi-code,ours,90.0,project_branches,33797,20704,21144,440
kimi-code,ours,105.0,ldh_lines,7101,6592,6782,190
kimi-code,ours,105.0,ldh_branches,5470,4545,4748,203
kimi-code,ours,105.0,project_lines,48255,34732,35363,631
kimi-code,ours,105.0,project_branches,33797,20704,21193,489
kimi-code,ours,120.0,ldh_lines,7101,6592,6787,195
kimi-code,ours,120.0,ldh_branches,5470,4545,4748,203
kimi-code,ours,120.0,project_lines,48255,34732,35379,647
kimi-code,ours,120.0,project_branches,33797,20704,21200,496
kimi-code,qodo_general,0.0,ldh_lines,7101,6592,6592,0
kimi-code,qodo_general,0.0,ldh_branches,5470,4545,4545,0
kimi-code,qodo_general,0.0,project_lines,48255,34732,34732,0
kimi-code,qodo_general,0.0,project_branches,33797,20704,20704,0
kimi-code,qodo_general,15.0,ldh_lines,7101,6592,6592,0
kimi-code,qodo_general,15.0,ldh_branches,5470,4545,4545,0
kimi-code,qodo_general,15.0,project_lines,48255,34732,34954,222
kimi-code,qodo_general,15.0,project_branches,33797,20704,20815,111
kimi-code,qodo_general,30.0,ldh_lines,7101,6592,6592,0
kimi-code,qodo_general,30.0,ldh_branches,5470,4545,4545,0
kimi-code,qodo_general,30.0,project_lines,48255,34732,35293,561
kimi-code,qodo_general,30.0,project_branches,33797,20704,21093,389
kimi-code,qodo_general,45.0,ldh_lines,7101,6592,6593,1
kimi-code,qodo_general,45.0,ldh_branches,5470,4545,4545,0
kimi-code,qodo_general,45.0,project_lines,48255,34732,35658,926
kimi-code,qodo_general,45.0,project_branches,33797,20704,21305,601
kimi-code,qodo_general,60.0,ldh_lines,7101,6592,6593,1
kimi-code,qodo_general,60.0,ldh_branches,5470,4545,4545,0
kimi-code,qodo_general,60.0,project_lines,48255,34732,35737,1005
kimi-code,qodo_general,60.0,project_branches,33797,20704,21341,637
kimi-code,qodo_general,75.0,ldh_lines,7101,6592,6593,1
kimi-code,qodo_general,75.0,ldh_branches,5470,4545,4545,0
kimi-code,qodo_general,75.0,project_lines,48255,34732,35812,1080
kimi-code,qodo_general,75.0,project_branches,33797,20704,21369,665
kimi-code,qodo_general,90.0,ldh_lines,7101,6592,6593,1
kimi-code,qodo_general,90.0,ldh_branches,5470,4545,4545,0
kimi-code,qodo_general,90.0,project_lines,48255,34732,35920,1188
kimi-code,qodo_general,90.0,project_branches,33797,20704,21507,803
kimi-code,qodo_general,105.0,ldh_lines,7101,6592,6593,1
kimi-code,qodo_general,105.0,ldh_branches,5470,4545,4545,0
kimi-code,qodo_general,105.0,project_lines,48255,34732,36031,1299
kimi-code,qodo_general,105.0,project_branches,33797,20704,21590,886
kimi-code,qodo_general,120.0,ldh_lines,7101,6592,6593,1
kimi-code,qodo_general,120.0,ldh_branches,5470,4545,4545,0
kimi-code,qodo_general,120.0,project_lines,48255,34732,36103,1371
kimi-code,qodo_general,120.0,project_branches,33797,20704,21677,973
kimi-code,qodo_scoped,0.0,ldh_lines,7101,6592,6592,0
kimi-code,qodo_scoped,0.0,ldh_branches,5470,4545,4545,0
kimi-code,qodo_scoped,0.0,project_lines,48255,34732,34732,0
kimi-code,qodo_scoped,0.0,project_branches,33797,20704,20704,0
kimi-code,qodo_scoped,15.0,ldh_lines,7101,6592,6593,1
kimi-code,qodo_scoped,15.0,ldh_branches,5470,4545,4545,0
kimi-code,qodo_scoped,15.0,project_lines,48255,34732,34822,90
kimi-code,qodo_scoped,15.0,project_branches,33797,20704,20741,37
kimi-code,qodo_scoped,30.0,ldh_lines,7101,6592,6603,11
kimi-code,qodo_scoped,30.0,ldh_branches,5470,4545,4554,9
kimi-code,qodo_scoped,30.0,project_lines,48255,34732,34861,129
kimi-code,qodo_scoped,30.0,project_branches,33797,20704,20770,66
kimi-code,qodo_scoped,45.0,ldh_lines,7101,6592,6631,39
kimi-code,qodo_scoped,45.0,ldh_branches,5470,4545,4576,31
kimi-code,qodo_scoped,45.0,project_lines,48255,34732,34916,184
kimi-code,qodo_scoped,45.0,project_branches,33797,20704,20813,109
kimi-code,qodo_scoped,60.0,ldh_lines,7101,6592,6659,67
kimi-code,qodo_scoped,60.0,ldh_branches,5470,4545,4609,64
kimi-code,qodo_scoped,60.0,project_lines,48255,34732,34967,235
kimi-code,qodo_scoped,60.0,project_branches,33797,20704,20866,162
kimi-code,qodo_scoped,75.0,ldh_lines,7101,6592,6674,82
kimi-code,qodo_scoped,75.0,ldh_branches,5470,4545,4620,75
kimi-code,qodo_scoped,75.0,project_lines,48255,34732,35007,275
kimi-code,qodo_scoped,75.0,project_branches,33797,20704,20895,191
kimi-code,qodo_scoped,90.0,ldh_lines,7101,6592,6693,101
kimi-code,qodo_scoped,90.0,ldh_branches,5470,4545,4636,91
kimi-code,qodo_scoped,90.0,project_lines,48255,34732,35058,326
kimi-code,qodo_scoped,90.0,project_branches,33797,20704,20932,228
kimi-code,qodo_scoped,105.0,ldh_lines,7101,6592,6711,119
kimi-code,qodo_scoped,105.0,ldh_branches,5470,4545,4645,100
kimi-code,qodo_scoped,105.0,project_lines,48255,34732,35100,368
kimi-code,qodo_scoped,105.0,project_branches,33797,20704,20950,246
kimi-code,qodo_scoped,120.0,ldh_lines,7101,6592,6721,129
kimi-code,qodo_scoped,120.0,ldh_branches,5470,4545,4660,115
kimi-code,qodo_scoped,120.0,project_lines,48255,34732,35138,406
kimi-code,qodo_scoped,120.0,project_branches,33797,20704,20988,284
kimi-code,testpilot2_general,0.0,ldh_lines,7101,6592,6592,0
kimi-code,testpilot2_general,0.0,ldh_branches,5470,4545,4545,0
kimi-code,testpilot2_general,0.0,project_lines,48255,34732,34732,0
kimi-code,testpilot2_general,0.0,project_branches,33797,20704,20704,0
kimi-code,testpilot2_general,15.0,ldh_lines,7101,6592,6635,43
kimi-code,testpilot2_general,15.0,ldh_branches,5470,4545,4545,0
kimi-code,testpilot2_general,15.0,project_lines,48255,34732,35005,273
kimi-code,testpilot2_general,15.0,project_branches,33797,20704,20718,14
kimi-code,testpilot2_general,30.0,ldh_lines,7101,6592,6696,104
kimi-code,testpilot2_general,30.0,ldh_branches,5470,4545,4545,0
kimi-code,testpilot2_general,30.0,project_lines,48255,34732,35456,724
kimi-code,testpilot2_general,30.0,project_branches,33797,20704,20722,18
kimi-code,testpilot2_general,45.0,ldh_lines,7101,6592,6696,104
kimi-code,testpilot2_general,45.0,ldh_branches,5470,4545,4545,0
kimi-code,testpilot2_general,45.0,project_lines,48255,34732,35456,724
kimi-code,testpilot2_general,45.0,project_branches,33797,20704,20722,18
kimi-code,testpilot2_general,60.0,ldh_lines,7101,6592,6696,104
kimi-code,testpilot2_general,60.0,ldh_branches,5470,4545,4545,0
kimi-code,testpilot2_general,60.0,project_lines,48255,34732,35467,735
kimi-code,testpilot2_general,60.0,project_branches,33797,20704,20722,18
kimi-code,testpilot2_general,75.0,ldh_lines,7101,6592,6696,104
kimi-code,testpilot2_general,75.0,ldh_branches,5470,4545,4545,0
kimi-code,testpilot2_general,75.0,project_lines,48255,34732,35483,751
kimi-code,testpilot2_general,75.0,project_branches,33797,20704,20722,18
kimi-code,testpilot2_general,90.0,ldh_lines,7101,6592,6696,104
kimi-code,testpilot2_general,90.0,ldh_branches,5470,4545,4545,0
kimi-code,testpilot2_general,90.0,project_lines,48255,34732,35548,816
kimi-code,testpilot2_general,90.0,project_branches,33797,20704,20738,34
kimi-code,testpilot2_general,105.0,ldh_lines,7101,6592,6696,104
kimi-code,testpilot2_general,105.0,ldh_branches,5470,4545,4545,0
kimi-code,testpilot2_general,105.0,project_lines,48255,34732,35745,1013
kimi-code,testpilot2_general,105.0,project_branches,33797,20704,20745,41
kimi-code,testpilot2_general,120.0,ldh_lines,7101,6592,6696,104
kimi-code,testpilot2_general,120.0,ldh_branches,5470,4545,4545,0
kimi-code,testpilot2_general,120.0,project_lines,48255,34732,35800,1068
kimi-code,testpilot2_general,120.0,project_branches,33797,20704,20747,43
kimi-code,testpilot2_scoped,0.0,ldh_lines,7101,6592,6592,0
kimi-code,testpilot2_scoped,0.0,ldh_branches,5470,4545,4545,0
kimi-code,testpilot2_scoped,0.0,project_lines,48255,34732,34732,0
kimi-code,testpilot2_scoped,0.0,project_branches,33797,20704,20704,0
kimi-code,testpilot2_scoped,15.0,ldh_lines,7101,6592,6635,43
kimi-code,testpilot2_scoped,15.0,ldh_branches,5470,4545,4545,0
kimi-code,testpilot2_scoped,15.0,project_lines,48255,34732,34895,163
kimi-code,testpilot2_scoped,15.0,project_branches,33797,20704,20704,0
kimi-code,testpilot2_scoped,30.0,ldh_lines,7101,6592,6689,97
kimi-code,testpilot2_scoped,30.0,ldh_branches,5470,4545,4545,0
kimi-code,testpilot2_scoped,30.0,project_lines,48255,34732,35040,308
kimi-code,testpilot2_scoped,30.0,project_branches,33797,20704,20705,1
kimi-code,testpilot2_scoped,45.0,ldh_lines,7101,6592,6689,97
kimi-code,testpilot2_scoped,45.0,ldh_branches,5470,4545,4545,0
kimi-code,testpilot2_scoped,45.0,project_lines,48255,34732,35050,318
kimi-code,testpilot2_scoped,45.0,project_branches,33797,20704,20706,2
kimi-code,testpilot2_scoped,60.0,ldh_lines,7101,6592,6689,97
kimi-code,testpilot2_scoped,60.0,ldh_branches,5470,4545,4545,0
kimi-code,testpilot2_scoped,60.0,project_lines,48255,34732,35081,349
kimi-code,testpilot2_scoped,60.0,project_branches,33797,20704,20706,2
kimi-code,testpilot2_scoped,75.0,ldh_lines,7101,6592,6689,97
kimi-code,testpilot2_scoped,75.0,ldh_branches,5470,4545,4545,0
kimi-code,testpilot2_scoped,75.0,project_lines,48255,34732,35084,352
kimi-code,testpilot2_scoped,75.0,project_branches,33797,20704,20706,2
kimi-code,testpilot2_scoped,90.0,ldh_lines,7101,6592,6689,97
kimi-code,testpilot2_scoped,90.0,ldh_branches,5470,4545,4545,0
kimi-code,testpilot2_scoped,90.0,project_lines,48255,34732,35090,358
kimi-code,testpilot2_scoped,90.0,project_branches,33797,20704,20706,2
kimi-code,testpilot2_scoped,105.0,ldh_lines,7101,6592,6689,97
kimi-code,testpilot2_scoped,105.0,ldh_branches,5470,4545,4545,0
kimi-code,testpilot2_scoped,105.0,project_lines,48255,34732,35095,363
kimi-code,testpilot2_scoped,105.0,project_branches,33797,20704,20706,2
kimi-code,testpilot2_scoped,120.0,ldh_lines,7101,6592,6689,97
kimi-code,testpilot2_scoped,120.0,ldh_branches,5470,4545,4545,0
kimi-code,testpilot2_scoped,120.0,project_lines,48255,34732,35101,369
kimi-code,testpilot2_scoped,120.0,project_branches,33797,20704,20706,2
kimi-code,strict_agnostic,0,ldh_lines,7101,6592,6592,0
kimi-code,strict_agnostic,0,ldh_branches,5470,4545,4545,0
kimi-code,strict_agnostic,0,project_lines,48255,34732,34732,0
kimi-code,strict_agnostic,0,project_branches,33797,20704,20704,0
kimi-code,strict_agnostic,15,ldh_lines,7101,6592,6593,1
kimi-code,strict_agnostic,15,ldh_branches,5470,4545,4545,0
kimi-code,strict_agnostic,15,project_lines,48255,34732,34904,172
kimi-code,strict_agnostic,15,project_branches,33797,20704,20773,69
kimi-code,strict_agnostic,30,ldh_lines,7101,6592,6593,1
kimi-code,strict_agnostic,30,ldh_branches,5470,4545,4545,0
kimi-code,strict_agnostic,30,project_lines,48255,34732,34906,174
kimi-code,strict_agnostic,30,project_branches,33797,20704,20776,72
kimi-code,strict_agnostic,45,ldh_lines,7101,6592,6593,1
kimi-code,strict_agnostic,45,ldh_branches,5470,4545,4546,1
kimi-code,strict_agnostic,45,project_lines,48255,34732,34907,175
kimi-code,strict_agnostic,45,project_branches,33797,20704,20778,74
kimi-code,strict_agnostic,60,ldh_lines,7101,6592,6614,22
kimi-code,strict_agnostic,60,ldh_branches,5470,4545,4568,23
kimi-code,strict_agnostic,60,project_lines,48255,34732,34929,197
kimi-code,strict_agnostic,60,project_branches,33797,20704,20802,98
kimi-code,strict_agnostic,75,ldh_lines,7101,6592,6614,22
kimi-code,strict_agnostic,75,ldh_branches,5470,4545,4568,23
kimi-code,strict_agnostic,75,project_lines,48255,34732,34929,197
kimi-code,strict_agnostic,75,project_branches,33797,20704,20802,98
kimi-code,strict_agnostic,90,ldh_lines,7101,6592,6622,30
kimi-code,strict_agnostic,90,ldh_branches,5470,4545,4576,31
kimi-code,strict_agnostic,90,project_lines,48255,34732,34940,208
kimi-code,strict_agnostic,90,project_branches,33797,20704,20812,108
kimi-code,strict_agnostic,105,ldh_lines,7101,6592,6622,30
kimi-code,strict_agnostic,105,ldh_branches,5470,4545,4576,31
kimi-code,strict_agnostic,105,project_lines,48255,34732,34940,208
kimi-code,strict_agnostic,105,project_branches,33797,20704,20812,108
kimi-code,strict_agnostic,120,ldh_lines,7101,6592,6622,30
kimi-code,strict_agnostic,120,ldh_branches,5470,4545,4576,31
kimi-code,strict_agnostic,120,project_lines,48255,34732,34940,208
kimi-code,strict_agnostic,120,project_branches,33797,20704,20812,108
openhands,guidance_only,0.0,ldh_lines,5445,2990,2990,0
openhands,guidance_only,0.0,ldh_branches,2606,1392,1392,0
openhands,guidance_only,0.0,project_lines,32479,21647,21647,0
openhands,guidance_only,0.0,project_branches,8940,4464,4464,0
openhands,guidance_only,15.0,ldh_lines,5445,2990,3047,57
openhands,guidance_only,15.0,ldh_branches,2606,1392,1417,25
openhands,guidance_only,15.0,project_lines,32479,21647,21749,102
openhands,guidance_only,15.0,project_branches,8940,4464,4501,37
openhands,guidance_only,30.0,ldh_lines,5445,2990,3081,91
openhands,guidance_only,30.0,ldh_branches,2606,1392,1433,41
openhands,guidance_only,30.0,project_lines,32479,21647,21831,184
openhands,guidance_only,30.0,project_branches,8940,4464,4535,71
openhands,guidance_only,45.0,ldh_lines,5445,2990,3081,91
openhands,guidance_only,45.0,ldh_branches,2606,1392,1433,41
openhands,guidance_only,45.0,project_lines,32479,21647,21893,246
openhands,guidance_only,45.0,project_branches,8940,4464,4557,93
openhands,guidance_only,60.0,ldh_lines,5445,2990,3142,152
openhands,guidance_only,60.0,ldh_branches,2606,1392,1469,77
openhands,guidance_only,60.0,project_lines,32479,21647,22081,434
openhands,guidance_only,60.0,project_branches,8940,4464,4642,178
openhands,guidance_only,75.0,ldh_lines,5445,2990,3158,168
openhands,guidance_only,75.0,ldh_branches,2606,1392,1471,79
openhands,guidance_only,75.0,project_lines,32479,21647,22199,552
openhands,guidance_only,75.0,project_branches,8940,4464,4666,202
openhands,guidance_only,90.0,ldh_lines,5445,2990,3166,176
openhands,guidance_only,90.0,ldh_branches,2606,1392,1474,82
openhands,guidance_only,90.0,project_lines,32479,21647,22280,633
openhands,guidance_only,90.0,project_branches,8940,4464,4701,237
openhands,guidance_only,105.0,ldh_lines,5445,2990,3260,270
openhands,guidance_only,105.0,ldh_branches,2606,1392,1512,120
openhands,guidance_only,105.0,project_lines,32479,21647,22455,808
openhands,guidance_only,105.0,project_branches,8940,4464,4775,311
openhands,guidance_only,120.0,ldh_lines,5445,2990,3320,330
openhands,guidance_only,120.0,ldh_branches,2606,1392,1546,154
openhands,guidance_only,120.0,project_lines,32479,21647,22694,1047
openhands,guidance_only,120.0,project_branches,8940,4464,4868,404
openhands,retriever_only,0.0,ldh_lines,5445,2990,2990,0
openhands,retriever_only,0.0,ldh_branches,2606,1392,1392,0
openhands,retriever_only,0.0,project_lines,32479,21647,21647,0
openhands,retriever_only,0.0,project_branches,8940,4464,4464,0
openhands,retriever_only,15.0,ldh_lines,5445,2990,3082,92
openhands,retriever_only,15.0,ldh_branches,2606,1392,1434,42
openhands,retriever_only,15.0,project_lines,32479,21647,21842,195
openhands,retriever_only,15.0,project_branches,8940,4464,4544,80
openhands,retriever_only,30.0,ldh_lines,5445,2990,3117,127
openhands,retriever_only,30.0,ldh_branches,2606,1392,1449,57
openhands,retriever_only,30.0,project_lines,32479,21647,22017,370
openhands,retriever_only,30.0,project_branches,8940,4464,4602,138
openhands,retriever_only,45.0,ldh_lines,5445,2990,3178,188
openhands,retriever_only,45.0,ldh_branches,2606,1392,1486,94
openhands,retriever_only,45.0,project_lines,32479,21647,22247,600
openhands,retriever_only,45.0,project_branches,8940,4464,4704,240
openhands,retriever_only,60.0,ldh_lines,5445,2990,3178,188
openhands,retriever_only,60.0,ldh_branches,2606,1392,1486,94
openhands,retriever_only,60.0,project_lines,32479,21647,22410,763
openhands,retriever_only,60.0,project_branches,8940,4464,4760,296
openhands,retriever_only,75.0,ldh_lines,5445,2990,3203,213
openhands,retriever_only,75.0,ldh_branches,2606,1392,1502,110
openhands,retriever_only,75.0,project_lines,32479,21647,22510,863
openhands,retriever_only,75.0,project_branches,8940,4464,4808,344
openhands,retriever_only,90.0,ldh_lines,5445,2990,3235,245
openhands,retriever_only,90.0,ldh_branches,2606,1392,1516,124
openhands,retriever_only,90.0,project_lines,32479,21647,22566,919
openhands,retriever_only,90.0,project_branches,8940,4464,4831,367
openhands,retriever_only,105.0,ldh_lines,5445,2990,3256,266
openhands,retriever_only,105.0,ldh_branches,2606,1392,1523,131
openhands,retriever_only,105.0,project_lines,32479,21647,22628,981
openhands,retriever_only,105.0,project_branches,8940,4464,4861,397
openhands,retriever_only,120.0,ldh_lines,5445,2990,3289,299
openhands,retriever_only,120.0,ldh_branches,2606,1392,1533,141
openhands,retriever_only,120.0,project_lines,32479,21647,22707,1060
openhands,retriever_only,120.0,project_branches,8940,4464,4900,436
